acteur_id,dim1,dim2
PA1008,-0.289163221826502,-0.0680187330121226
PA1206,-0.2425567716773279,0.4998789992830911
PA1327,0.3985999380346861,0.0546562486129795
PA1567,-0.3167879757209595,-0.1269022649813079
PA1592,0.1350490399895347,-0.097677681001225
PA1630,0.231128513470399,0.0792418775768551
PA1874,0.2376255028798621,0.1595679723532817
PA2449,0.4776458855040428,-0.3381181092042615
PA266788,0.0770097578836453,-0.1274287086743361
PA266793,0.180739917344181,0.1227793275272124
PA266797,0.2485400851855801,0.1059390488537498
PA266808,0.3534938581385149,0.1334957649367538
PA267042,0.1364754951413736,-0.0853756086449181
PA267306,-0.4040413678979414,0.0711345560207369
PA267318,0.4019445254701561,-0.2496294456039768
PA267324,0.2184043495236766,0.0597111033306894
PA267336,0.4938159609354481,-0.4057027416300311
PA267429,0.2297628562502656,0.1303060473103933
PA267766,0.1052705872620054,0.0016655774375489
PA267780,0.4804780729119718,-0.2700711690449081
PA267794,0.2663521990642167,0.1072478607397649
PA267901,0.3236827188081259,0.1663275752416954
PA2952,0.1588737239604141,-0.1013840987064943
PA2960,0.6202088857605887,-0.3630365461838647
PA309643,0.1586121092914282,0.3023923388499917
PA330008,0.1522141668889904,0.1261592972860358
PA330240,0.3342638484202389,0.1569796787115017
PA330909,0.233653249413157,0.1074000939501667
PA331582,0.3423739125574001,-0.2288168799563929
PA331835,0.418204747952494,-0.3661366347726934
PA332228,0.2436675228935705,-0.0618233783620041
PA332523,0.283874661195746,0.0698708963698051
PA333285,-0.3507997892721667,-0.2004825864959311
PA333421,0.0313665902288338,-0.0671700922755031
PA334116,0.4202859894464799,-0.284612609960193
PA335054,-0.2686712107173498,-0.1082377203893191
PA335612,-0.5465914637347817,-0.0027089670725593
PA335999,-0.4548847356574249,-0.1401063429977485
PA340343,-0.2610871296699358,-0.1267183822865659
PA340643,0.4589221527619878,-0.2614009710161513
PA342196,-0.3199505929855156,-0.0989284834578393
PA342240,0.2326255332272283,0.1177066211046276
PA342384,-0.6096915990913016,-0.0588449148979592
PA342415,-0.3828923091015345,-0.1680679725580374
PA344201,-0.3125251186336709,-0.1072744607622047
PA345722,0.4818756956172888,-0.2821786036459679
PA346054,0.2177772760884442,0.1195340614722071
PA346782,0.3226677071468595,0.1358378923510257
PA421348,0.3427289621926929,-0.1719028831910045
PA588884,-0.6199202129655752,-0.0551711322409896
PA605036,0.350672544779028,-0.2481691449116985
PA605069,-0.1265421956296253,-0.0818492190927444
PA605694,0.3281146233269278,-0.2223630679520477
PA605745,-0.464502450958308,-0.017504328590038
PA605782,0.3678954054769186,-0.1661968255084966
PA605963,0.4220538918327161,-0.2893005448063209
PA605991,0.2829497179861603,0.0962883741243057
PA606098,0.2726149340266332,0.1190527808796955
PA606507,0.4452604878105732,-0.3414412277378095
PA606639,0.4487023620126265,-0.2385077527807528
PA607090,0.2715444808304657,0.156942476577984
PA607193,0.4134120561651306,-0.3308648427201712
PA607395,0.5383976895084839,-0.3400012497754396
PA607553,-0.2707929473424975,-0.0606692747912205
PA607619,-0.1671236969233037,-0.0309448567284801
PA608016,0.2991525476497721,0.0626641435820362
PA608172,-0.3274805574946203,-0.1455172748117666
PA608416,0.2681848412332602,0.1564214678639715
PA608695,-0.2563544087586017,-0.1111050073145313
PA608826,0.2312476389717176,0.0890430365272628
PA609332,-0.3494025268229866,-0.1226771132236341
PA609520,0.3171955825214452,-0.3470359725075438
PA609590,-0.2907542689101003,-0.1473632888651128
PA610002,-0.4376397786529718,-0.1307836213461775
PA610654,-0.6992517005326415,0.0247618220058314
PA642695,0.347448157761224,-0.2837938732237088
PA642764,-0.2887557577272006,-0.1310860522331437
PA642847,0.2789573366591215,0.173881263803665
PA642868,0.3935522734673021,-0.2152706852169602
PA642988,0.1421321345082148,0.6728135788191902
PA643048,0.4718185975103866,-0.3035528543740579
PA643089,0.2632463814026873,0.058428133934644
PA643134,0.2376131681498735,0.1886828740984891
PA643143,-0.3410380320111311,-0.087005775095945
PA643157,-0.3633429243243767,-0.1264153466991545
PA643175,0.265841455565788,-0.2861265256021505
PA643184,0.5266146353741968,-0.3734951095966033
PA643192,-0.3521734495926528,-0.1273574175713797
PA677483,0.4857798801571835,-0.322289952959935
PA695100,0.3471721171178813,0.1129199700376039
PA712014,0.5243433341237524,-0.3691208859396184
PA712015,0.2325473053763611,0.0860420649923001
PA717379,0.6112295065294331,-0.4216021071402044
PA718674,0.4786206742721113,-0.3637690901998009
PA718710,0.429886217365286,-0.2731436879980395
PA718784,0.2686619763861421,0.1368215046118547
PA718838,0.1771323017568422,0.1059679267299427
PA718850,0.1713702012271826,0.1586317803258247
PA718860,-0.4175034537072722,-0.0093887477281051
PA718884,0.2473533713037878,0.1524252229534376
PA718910,0.4166168094381836,-0.2556570944109617
PA718926,-0.4664488417647108,0.1339332460124187
PA718930,0.4964773588847883,-0.3746216699236082
PA718962,0.6500464306007186,-0.4727847242661658
PA718978,0.4470250531477387,-0.2342951796031327
PA719006,0.4768950787699851,-0.3575423808039709
PA719024,0.3692013730831354,-0.2034963441130761
PA719032,0.5361051794145478,-0.3492140344273757
PA719052,0.3550821367248473,-0.1676184684888992
PA719072,0.3531582034826858,-0.2505030420068416
PA719080,0.5451920957921581,-0.3763251897271875
PA719100,0.4878506037636013,-0.312146231331987
PA719108,0.4709578926831291,-0.363320521965522
PA719118,0.3940848257282225,-0.317330497347318
PA719138,-0.1338019826109686,-0.0219979456208257
PA719146,-0.1160922742938541,-0.0301089496194801
PA719154,0.5348913724412575,-0.3441673415281653
PA719186,0.5458877708230893,-0.3859071818745765
PA719190,0.4998644604216016,-0.331881241337309
PA719202,0.4523517156979824,-0.2861569117414675
PA719266,0.3878977608727845,-0.1985762258597977
PA719272,0.1593388553924722,-0.0472730218867078
PA719286,-0.178157782916671,-0.0042409561256686
PA719294,0.354245299855864,-0.3294905599829456
PA719318,0.2050361425496958,0.1066431245634894
PA719338,0.4318035368621826,-0.2728193117879408
PA719372,0.5274519388325322,-0.3507426607269351
PA719376,0.446343776624604,-0.3219045345905875
PA719382,0.3812430479283984,-0.1876617584438842
PA719388,0.4963576149233802,-0.3572137460993161
PA719396,0.2173905581460282,-0.164782504190143
PA719404,0.3623191292969744,-0.2882153096754227
PA719412,0.4435391202363731,-0.348651020259966
PA719436,0.1061578057091272,0.7652425449858468
PA719472,0.5576078256977343,-0.3927670548673602
PA719488,0.3644652979622947,-0.2346962414236417
PA719512,0.5316183378158296,-0.367707847838058
PA719528,0.3557974187956965,-0.1819897067599797
PA719550,0.4297637377999014,-0.2817180704047696
PA719558,0.3622080955664025,-0.2825148812658237
PA719578,-0.7087311254556855,-0.1198473822579056
PA719600,0.5915596747268357,-0.4120842483191563
PA719608,0.189466383418352,0.2881846650035988
PA719624,0.3939602448888137,-0.280375098307565
PA719632,0.5798920081202178,-0.3592141062664994
PA719640,0.4474718223607057,-0.2439794303619368
PA719664,0.4691458307593166,-0.3092305101823716
PA719672,0.4891650176812848,-0.3659788376709472
PA719718,0.4236481571644075,-0.3099078240630596
PA719756,0.5257468918598044,-0.3629047191170216
PA719778,0.3605337171096954,-0.1387949536099095
PA719798,0.622964008110929,-0.4119889618170506
PA719814,0.5352979585306851,-0.3974344579898842
PA719822,0.4477930599268908,-0.2350610901912322
PA719866,0.5429139598430801,-0.4384479258738579
PA719874,0.4041843739456535,-0.29476907509708
PA719882,0.5458570428636769,-0.3934416878333308
PA719890,0.4952563495086143,-0.3300684053354986
PA719910,0.4481005184924153,-0.2915742519094541
PA719914,0.4703483605229949,-0.2409029480946113
PA719918,0.3580385616402455,-0.2678826294087078
PA719922,0.300303545685585,-0.2603845219600033
PA719930,-0.3368098234459605,-0.1440322029806054
PA719968,0.2144577439319441,0.1111403857901376
PA720006,0.3599867007959619,-0.2144368744265042
PA720014,0.5099836442201073,-0.3676865358947484
PA720022,0.5512371183025875,-0.4365728442609027
PA720038,0.3601855605260282,-0.2312500687745805
PA720054,0.4364263192968696,-0.3056497476509558
PA720066,0.5218952678349421,-0.3147144332631084
PA720074,0.3819812875885223,-0.2943493677544976
PA720092,0.1665731429942741,-0.1442676848814115
PA720100,0.1313574799882839,0.0551024123622594
PA720138,0.6284306109969019,-0.43254927590535
PA720146,0.5443755525902375,-0.355334033504968
PA720154,0.7887079364563898,-0.5833771539704714
PA720162,0.4341184438303157,-0.2243270857150578
PA720174,0.4659280142042074,-0.2892437741359875
PA720190,0.4810714822778474,-0.3136115783301134
PA720222,0.5872688883890157,-0.403568462656091
PA720230,0.4580623476700044,-0.2234552653762442
PA720256,0.3817918407382594,-0.2577287855903538
PA720286,-0.6113929857407355,-0.0582908427952083
PA720334,0.2868029491793077,-0.2166589476836866
PA720342,0.5088109560683347,-0.3645287359025971
PA720354,0.3937514970869686,-0.2658094392467587
PA720362,0.4090842402013463,-0.282648322732098
PA720370,0.4620964638564667,-0.3619313881064463
PA720386,0.2007233886838607,0.1021478198467828
PA720414,0.4157479045520607,-0.2918654754276715
PA720422,-0.6408289962504978,-0.0568633072989668
PA720430,-0.7562591257248068,-0.0863627709730706
PA720446,0.5038087088230778,-0.3628074385526924
PA720468,0.0916126957057162,0.5250413117611192
PA720480,0.4364964552423583,-0.286559535744207
PA720552,0.4646114408504868,-0.2611271658961284
PA720560,0.3793947258059644,-0.2662924672920586
PA720586,0.2392467973099705,0.1229741062128724
PA720614,0.0679875851758838,0.6188082524769889
PA720630,0.1802170194922693,0.1367935200927723
PA720644,0.1811193452916675,0.135488017970386
PA720668,0.0783563611881177,0.6960510017683571
PA720684,0.2258818448511053,0.1541816059459181
PA720692,-0.371908252570047,0.0727566094987451
PA720696,0.0797953079965732,-0.0256491662071496
PA720704,0.2933008398359096,-0.1801354980169486
PA720720,0.3743135807025685,-0.2363070871766122
PA720728,0.4037292043604546,-0.2308789324509539
PA720754,0.4926320387558655,-0.3383192953555414
PA720764,0.4346628529105842,-0.2717691896036625
PA720772,0.3482384248114976,-0.2426675562739721
PA720822,0.0323703032114325,0.7469049714601166
PA720838,-0.4622123868342294,0.0049856261212067
PA720846,-0.7386636099023094,-0.0619243830905443
PA720862,0.4494526532254097,-0.2827902945468743
PA720892,-0.680510499177053,-0.064568112411654
PA720900,0.3286643603883391,-0.3481891041134841
PA720908,0.3542354565442871,-0.1787148453290547
PA720932,0.5492616934622878,-0.3331410116264063
PA720952,-0.4793956868981873,-0.1165748906061199
PA720960,-0.0908956353291753,0.0359122548089662
PA720976,-0.0749482341827544,0.0233109572106564
PA720992,-0.3900066601440966,0.0277852697967609
PA721004,0.4556989013116657,-0.2759266391373132
PA721024,0.5642987117962581,-0.3938850723947007
PA721046,-0.006019117979992,0.0254170496007089
PA721062,-0.7132110761810012,-0.0972998842822696
PA721094,0.5139106048261686,-0.3701132360850402
PA721118,-0.49115885616536,0.0776428410181704
PA721150,0.4813788740539649,-0.3226048226068947
PA721158,0.4773881855378849,-0.3363044528556668
PA721170,0.474454578907201,-0.2758927198934092
PA721182,0.4524628960054861,-0.2551861666064393
PA721202,-0.5156446724819449,-0.1018308081692523
PA721210,-0.5722691168042141,-0.0522341862603641
PA721234,0.3301708456745871,-0.1892500062852071
PA721262,0.4036130109165707,-0.3010630232100725
PA721270,-0.3357398114643106,-0.0636986549808366
PA721296,0.5447112534797919,-0.4030240023228202
PA721314,0.2209352464522628,0.0457258370529172
PA721328,0.4687900911693257,-0.4044626338956564
PA721336,0.4101265056435458,-0.1801165926494602
PA721410,0.242240082615438,0.1288483974839389
PA721426,0.4205650193281169,-0.3322844270527346
PA721442,0.1970097421490301,0.1038552730484747
PA721458,0.4171542893528563,-0.3057583423717292
PA721466,0.4032820664051483,-0.3487644721939292
PA721474,0.2629942816111808,0.0668435830157267
PA721482,0.4850171649477028,-0.3578106228725074
PA721486,0.100080212224796,0.0255847403462543
PA721522,0.3631112815472226,-0.1127234990574242
PA721530,0.4551443255651716,-0.2870633287090666
PA721584,0.5353775948624363,-0.3678376690911301
PA721608,0.3625502440465314,-0.2237779301389444
PA721632,0.4658222315310658,-0.3112773693702609
PA721678,0.4706573484622942,-0.2835573049604554
PA721710,0.4320826132381495,-0.3522824904522425
PA721722,0.5088419123761186,-0.3634225478153297
PA721750,0.4577899811305617,-0.3243675280892743
PA721760,0.3938630142130469,-0.199290676395619
PA721816,0.1749978038908675,0.1790006724854968
PA721828,0.4508731067308626,-0.2658420787397566
PA721844,0.4479266733804776,-0.3350974728189188
PA721852,0.5722444237222175,-0.4089375037869114
PA721880,0.5070478134877595,-0.3133558791818845
PA721896,-0.5464117825723126,-0.0767292559712074
PA721916,0.5214386049364123,-0.3335497449233527
PA721932,0.1165856434575463,0.8835484272036366
PA721960,-0.7498316405488141,-0.0650059888834481
PA721976,0.3989799104968589,-0.21995050628627
PA721984,0.2493909491984127,-0.1169383668523532
PA722000,0.4801794098661069,-0.3674927535226058
PA722038,0.405845733370231,-0.3138489508820891
PA722046,0.5037931880061309,-0.3629439161892596
PA722054,0.4432416155675873,-0.3337270542942521
PA722070,0.4194554732160961,-0.1962229183189922
PA722102,0.4306108379081783,-0.2018492400593989
PA722110,-0.3531652097290215,0.0555771832828031
PA722134,0.4299965918035641,-0.2882108637330503
PA722142,-0.6767849003006963,0.0168258918155241
PA722150,0.4540808853314334,-0.3499532515170264
PA722162,0.4362472857226981,-0.2347947779055635
PA722202,-0.3279273582345682,0.0512512375552431
PA722252,0.3357310642650564,-0.2687604367124867
PA722284,0.4227427624466982,-0.2207218145572826
PA722292,0.4361589040517163,-0.2922006756641249
PA722308,0.276539926082888,0.165789428660336
PA722336,0.4106622968357778,-0.206052785204463
PA722344,-0.4388342720362173,-0.154834684235159
PA722358,0.4849242864160515,-0.3424973819165485
PA722366,0.528326053161408,-0.3937050671794505
PA722374,0.4820138675025441,-0.2391376522966342
PA722382,0.4751279867189448,-0.3375192356256358
PA722390,0.2258798406278256,0.1438918146671216
PA722398,0.4690820034175962,-0.2591926212984027
PA736201,-0.473681874616211,-0.1502762091228268
PA757225,0.4440659711489989,-0.2607667573149539
PA774954,0.2718785875953841,0.1478599533523285
PA774958,-0.322304600102232,-0.107649494762637
PA774960,-0.2161628677683151,-0.0992226270141733
PA774962,-0.5057048214110553,-0.0342604331872301
PA783457,0.2252240028618135,0.1352125234635682
PA791812,-0.7407908517582614,-0.0802787015133844
PA791824,-0.6763900859412357,-0.0499819205784319
PA793094,0.2204274606275086,0.1399452025615873
PA793102,0.0828026689401699,0.5412940950686204
PA793110,-0.8709394686169406,-0.1015846404391489
PA793122,0.3274733539542583,-0.1662289873122177
PA793134,0.0975485389814338,0.6253368732628376
PA793146,0.1549184671894121,0.9879272587208447
PA793158,0.116937019182818,0.6013065768762419
PA793166,0.1347174430333401,0.7628415971949575
PA793174,-0.4138679479276649,0.0298111322305446
PA793182,0.0856328842029749,0.7633884344228957
PA793190,0.5317433389317687,-0.3500807374642301
PA793194,0.385193837350203,-0.2037793169909361
PA793210,-0.0551811811093308,-0.0992695452634125
PA793218,0.1560566662816926,0.7995550984609578
PA793230,0.1012617222948553,0.6515951721468354
PA793238,0.1169954149396846,0.8462793309695136
PA793246,0.0723107613798865,0.6957370007213879
PA793254,0.1271226864777666,0.8594527651502198
PA793262,-0.7552850431397131,-0.1475903464927678
PA793270,0.4110205789888007,-0.3359808753528932
PA793278,0.4379460385524682,-0.2581848754407804
PA793282,0.4417404871970365,-0.3323148735257896
PA793290,0.0675525162509431,0.6866891665665916
PA793298,0.0754291431133468,0.6610872423509236
PA793306,0.3888464925327247,-0.2017139350741904
PA793314,0.0976674705602727,0.6635669040253522
PA793322,0.1906425879669674,0.059585378285974
PA793330,0.0936875516024552,0.8413426745405619
PA793342,0.1800010413819868,0.0832354504450262
PA793354,0.1027705698841645,0.6116737203730499
PA793362,0.0475593797693145,0.6915090331163012
PA793374,0.0981890559437763,0.6771832979319603
PA793382,0.1947770694448012,0.8626848225746332
PA793394,-0.3401916447522953,-0.1229816511458343
PA793398,0.3282492166423018,-0.1467052834570311
PA793416,0.5623853480684338,-0.3589721807647137
PA793432,0.0850930056659687,0.8087397761325925
PA793444,-0.759853304371357,-0.0891608689128561
PA793452,-0.7233123959849882,-0.0870346098188641
PA793464,-0.7164532226856931,-0.0950550216594021
PA793476,0.2061480377520401,0.1120987623044382
PA793500,0.4203620441224084,-0.3067524312226953
PA793508,0.186347596659117,0.1365402578383147
PA793520,0.3233494400823105,-0.1895380733724791
PA793528,0.476958175307885,-0.3073697540492587
PA793532,-0.7838681667093341,-0.1208182694644374
PA793548,0.097929588989376,0.8483261111138634
PA793560,0.4093498974646569,-0.2291144000659389
PA793572,0.4064619268895511,-0.2165161043163249
PA793588,0.4800616119209626,-0.3252907958979895
PA793592,0.0873426740376587,0.7160391658094596
PA793608,0.0688038458472558,0.7013476859106362
PA793616,0.1079867933168709,0.9005691970474945
PA793624,-0.3377147771410511,-0.0892010393027563
PA793632,0.0873655712651962,0.6904995452991555
PA793644,0.3586458277280727,-0.1948616884179503
PA793656,0.0987948585779082,0.8034695012945923
PA793664,-0.4477265555072839,-0.1624715006816631
PA793672,0.1026144976818205,0.8158563488660262
PA793680,-0.7896056463181351,-0.1050674285899837
PA793688,-0.6917901565328023,-0.0830755835779806
PA793696,0.0746561853561262,0.6986974126168931
PA793708,-0.4495410937658449,-0.1151263021129715
PA793716,0.3776388823681579,-0.221788158254591
PA793724,-0.609550421774492,-0.0984258106517362
PA793736,-0.6127589056691728,-0.0615893463766203
PA793744,-0.8608330192564114,-0.111601064121622
PA793756,-0.7021776814628328,-0.070143659593852
PA793772,-0.7152377736628626,-0.1013778765484168
PA793780,-0.4606803951161292,-0.1119689389899226
PA793792,0.3448610243148563,-0.2051607239647641
PA793796,-0.1238824409088759,-0.0657284406051945
PA793816,-0.3403307651407545,-0.1125086324965552
PA793832,0.0949756325316904,0.9441530328032708
PA793844,0.0998209683250606,0.7956862541024787
PA793852,0.1350519810364074,0.8017681655277071
PA793860,0.4170517078848135,-0.2538933599645127
PA793872,-0.7579725714654167,-0.1136583863588738
PA793876,0.456983442212764,-0.2925469518761748
PA793884,-0.6266824156593663,-0.0678485078334288
PA793892,0.0832715978342874,0.6914759868331531
PA793904,0.0600760382530269,0.7028931188153767
PA793912,-0.9329594239771366,-0.0991565411805613
PA793928,0.1083301329466291,0.7847196691530559
PA793940,0.4570549469091672,-0.2908109037642188
PA793944,0.3743273440664698,-0.3407321762308822
PA793948,-0.4795787441883837,-0.1741157364181131
PA793964,0.0785294546020817,0.7893380465883095
PA793980,-0.4546729038768913,-0.1319824737206631
PA793992,0.3820366184363914,-0.1818629681008154
PA794004,0.4797788378760499,-0.360216327920893
PA794008,-0.4868754042369306,-0.1501059964705405
PA794022,-0.4104767682247133,-0.1414668488746719
PA794030,0.0513461227004015,0.6413439096808763
PA794038,0.2245752589892544,0.1148430310966383
PA794058,0.228912975562036,0.1112385581831462
PA794066,-0.5687181767059742,-0.0853469742320212
PA794082,-0.804158709346974,-0.0947841584321808
PA794094,-0.3454905439977679,-0.1446948180694694
PA794106,-0.7248302211117875,-0.1077334332177017
PA794114,0.3757166643949273,-0.1584968982258546
PA794118,0.2030023487801152,0.0712103722719293
PA794130,-0.6361108885383236,-0.0525628503530842
PA794138,-0.6799933769846004,-0.0832787406541035
PA794146,-0.5441199751213732,-0.1751198141865175
PA794154,-0.4783971046341359,-0.1768304230485854
PA794166,-0.7164191802932706,-0.104745435597157
PA794178,0.2263356253861275,0.0920034095906855
PA794194,0.414005144209199,-0.2674400610555572
PA794198,0.1065176783251147,0.8594261252099321
PA794206,0.4248844983477535,-0.3319891819790613
PA794214,0.5143689870658402,-0.3292644995829351
PA794222,0.0536922173131485,0.6670873488279843
PA794234,0.4067118320393535,-0.2230108854583019
PA794270,-0.3801209887361783,-0.1494398972911557
PA794278,0.3692877121142754,-0.2141725508668482
PA794286,0.0652627892486209,0.565270332142146
PA794314,0.1093923349484843,0.7992783506611973
PA794322,0.0727575367340978,0.5368356742105761
PA794330,0.4585178421161446,-0.3349373299372756
PA794354,0.0968134621878891,0.6653257113992039
PA794386,0.5628394800503101,-0.3400998843638443
PA794402,-0.8719043055871388,-0.093606124059702
PA794410,0.1981858430998306,0.1034776667071292
PA794418,0.1196431798893863,0.8489227921510469
PA794426,0.400590731122421,-0.2034829451604434
PA794434,0.0927640226308721,0.8540389677676157
PA794442,0.0873567192637278,0.7917036770769412
PA794450,0.5446525011155047,-0.3334985468216548
PA794458,-0.6466083244836742,-0.041583492107888
PA794470,0.4251502931868146,-0.213294751231957
PA794478,-0.780222195074927,-0.0998645247492363
PA794486,0.4419439438790715,-0.2939549106878942
PA794494,-0.2482793889103359,-0.0909853176083332
PA794502,0.0656329133254163,0.7498237070873915
PA794510,0.4097881625290705,-0.2836636985079778
PA794522,0.0805692234175721,0.4929456926022411
PA794530,0.0624970355439713,0.7119819884514675
PA794538,0.0922148095385324,0.6823982052300046
PA794562,0.1108770537145422,0.7971091329386771
PA794570,0.0843760238626382,0.829515003556323
PA794582,0.0837659380328166,0.6602550196274103
PA794590,0.1411472678232107,0.7694202835250079
PA794598,0.1672464129087684,0.7710629901449263
PA794626,-0.0891085946045926,-0.0753825338652379
PA794638,0.0904161178561501,0.8932719451948687
PA794650,-0.3777176468747367,-0.0121679655330041
PA794658,0.5296067926594026,-0.4117019623187833
PA794670,0.0903041756636352,0.6951099204497033
PA794678,0.0898198598184776,0.7033409833109248
PA794686,-0.6353846147525329,-0.0626471366336751
PA794702,0.3879389140702397,-0.1899532710572431
PA794718,0.0540940541737994,0.5485727352937517
PA794734,0.0751876255840446,0.7150189851438638
PA794762,0.1073019507663539,0.7187978072317581
PA794770,0.0719212116254666,0.6558754838936047
PA794778,-0.4680539762041444,-0.1444476271086304
PA794786,-0.9923458914823668,-0.1154244339551981
PA794798,0.5859503048039177,-0.3731334904150984
PA794802,0.5305141763326718,-0.3365098311447914
PA794810,0.4268218277509993,-0.2043897056257408
PA794818,0.3883707577338671,-0.2061598477624385
PA794830,0.2404840375001775,-0.2487289919551158
PA794838,0.3881214354394559,-0.2010614518009128
PA794846,0.4745717112966002,-0.3174184973393256
PA794854,-0.3663572879060632,-0.0943603640741601
PA794870,-0.71168855443909,-0.0972912975698071
PA794878,0.4216990191786764,-0.2608443964102152
PA794886,0.093784184082906,0.6931065743051307
PA794894,0.1103684060402051,0.8221428855164404
PA794906,-0.6007654454705127,-0.0636129877212635
PA794914,0.3231317220861197,-0.0432700608469198
PA794930,0.4581947845737689,-0.3382372486174206
PA794938,-0.7286125722511634,-0.0810705436436256
PA794946,0.1197388679129868,0.7655271414622983
PA794954,0.1382119953019564,0.96467956149167
PA794974,0.5063524085500163,-0.3310657423471779
PA794982,0.5101085838506003,-0.3186940085411159
PA794994,0.2268458813594627,0.094087779230393
PA795010,-0.4532717783418977,-0.1481855772583033
PA795026,0.363276452408286,-0.2143619513061517
PA795046,0.5658537146089937,-0.4503539074150245
PA795050,0.3603731418819862,-0.2148084049912393
PA795058,-0.4404838145753021,-0.1740420726161603
PA795068,0.5679728282523148,-0.4147188470940758
PA795076,-0.501445620890688,-0.1822957822506588
PA795084,-0.7786136759155766,-0.0754470949315594
PA795100,0.3837255322396515,-0.2090024743809426
PA795108,-0.6789413051556911,-0.0658725315508514
PA795120,0.3834907220943938,-0.2266311034191477
PA795124,0.470844225137947,-0.1532247872202334
PA795136,-0.6715173130377499,-0.0874088965245519
PA795144,0.5102867971863765,-0.3732453075402992
PA795156,-0.3674652020300186,-0.111161991300873
PA795164,-0.7496093066711143,-0.1217948910777487
PA795176,0.5054721806117096,-0.3109596616542889
PA795184,-0.4350396079993508,-0.0252317572934238
PA795192,-0.4180377434292928,-0.00018592955692910116
PA795200,-0.6926256472884559,-0.092659837554201
PA795216,0.343031520510863,-0.269688785909749
PA795228,-0.8009565881396515,-0.1200336394865759
PA795240,-0.502773921299754,0.0215468409317538
PA795244,-0.0063433417493535,0.0527100614536474
PA795258,0.3151984624931093,-0.2106765901394491
PA795266,0.3619742310874959,-0.1936113442463333
PA795270,0.3844467502778039,-0.1905072246290966
PA795278,0.3569732397027972,-0.1864504913685321
PA795298,-0.6691861607873512,-0.0799453915562511
PA795310,-0.8961208816256564,-0.1137146243248083
PA795318,-0.6318925714170419,-0.0725228015576908
PA795326,0.4054081447904437,-0.2788666861927192
PA795330,0.4083589085045607,-0.2764343581992441
PA795350,0.4014464180504171,-0.1946357580656796
PA795354,0.3282688817700643,-0.1087241253778745
PA795362,-0.4738086017510767,-0.1340891455321263
PA795374,0.3808648425110019,-0.219959613605358
PA795386,0.6442735932432236,-0.4404771388958849
PA795406,0.1882627301948472,0.0781791827122436
PA795410,0.1053212375063492,0.6990379688283849
PA795422,-0.6171493079291359,-0.0279928927000876
PA795430,-0.3511163809098464,-0.12668621024902
PA795438,-0.5776291265603896,-0.0491269492828444
PA795454,-0.5266049804227529,-0.1495855900709891
PA795466,-0.7784503505146241,-0.1125392740576695
PA795482,-0.8267517641992852,-0.1149188762662389
PA795508,0.5112903265790216,-0.3608673784931915
PA795516,-0.737678518272683,-0.1023578753633453
PA795528,0.5516927562847613,-0.3178055172416961
PA795540,0.1147206672695947,0.7089163333719294
PA795552,0.0954447128663494,0.6847308901407029
PA795572,0.4680800767982785,-0.3228830314784099
PA795580,-0.6913631103411073,-0.0844933469955167
PA795588,-0.7500608976048305,-0.0646754386831287
PA795596,-0.7723643547179799,-0.0848202839769564
PA795604,0.3937413581644649,-0.2240089808099629
PA795616,-0.7570893892915339,-0.0686760682437595
PA795636,-0.5379393819499786,-0.1258260923767599
PA795644,0.1046385774321134,0.6686221459763689
PA795652,0.5131548860535918,-0.3748324964610065
PA795664,0.5012986625947913,-0.3531380028693299
PA795672,-0.6543380558021813,-0.0723326994079062
PA795688,0.5269492318654249,-0.3292218020906003
PA795692,-0.7282322581811637,-0.1056775872659192
PA795708,0.2956715260603274,-0.1464127724670615
PA795722,0.401283391351272,-0.2674772757246744
PA795730,0.435861213121394,-0.2837566122763968
PA795746,-0.9886388446677404,-0.1280613907715321
PA795762,-0.277200994762873,-0.0799702895194013
PA795774,0.3243836461441009,-0.3240773504423591
PA795778,0.0982006935362273,0.6928263139373428
PA795786,0.0662725331304287,0.8002200907439331
PA795794,-0.4176726454958886,-0.0817023505389693
PA795808,-0.4503450887786948,-0.1414871712768673
PA795820,-0.5977880934166109,0.0119259337727122
PA795828,-0.3331874448350788,-0.1197211674244875
PA795836,0.1433046892158827,0.7676744719647661
PA795844,-0.888639348627843,-0.1193950148354702
PA795864,0.5429186573310583,-0.3826455882124007
PA795868,-0.5381973867532103,-0.0822531816139471
PA795876,-0.4756547360758247,-0.0378797717953859
PA795884,0.552377175381281,-0.3857246343644985
PA795900,0.1474427705090205,0.855815136149984
PA795908,0.3891382156331671,-0.2476424982732005
PA795912,0.0443150358784664,0.6705593334182801
PA795920,0.5095410421494451,-0.3542436018332754
PA795926,0.4637396686552959,-0.2568800855391858
PA795934,0.6093059845503803,-0.3905408836353846
PA795950,0.4955180511153803,-0.3337364435523776
PA795958,0.4824067972120405,-0.3452964324933287
PA795966,0.0256343143676863,0.7243723625058209
PA795974,0.0773238988336013,0.8183522338933397
PA795982,-0.80120007824694,-0.0890393938640485
PA795990,0.5576622170006489,-0.3819793507388679
PA795998,-0.4616198890985662,-0.0430421424219654
PA796010,-0.4382149844557845,-0.0293736478507908
PA796018,-0.7607179671572841,-0.0758444193391873
PA796026,0.0728100512030938,0.7290009020012382
PA796034,0.0751339493156349,0.6511009748544206
PA796042,0.1331956600679176,0.9256294496998366
PA796050,0.1296440378591583,0.8047832921833898
PA796062,-0.7809678297261012,-0.0774464718728214
PA796070,-0.7389025637219364,-0.120730644815229
PA796078,-0.0407882625415875,0.0250138767094459
PA796090,-0.5872506513373157,-0.0633272247801739
PA796106,-0.4339203330212016,-0.0513476358795479
PA796110,0.0740152340453625,0.6383348680028397
PA796114,0.0606922939980667,0.5217563765989799
PA796118,0.0650127667981147,0.6756837722682122
PA796132,-0.5860383251565252,-0.1015994470597801
PA805166,0.4094554153818613,-0.2523320117193767
PA817203,0.4300133847883582,-0.2974138221391225
PA817211,-0.6828039948115212,-0.0796755788442328
PA822617,-0.0744859799525539,-0.0761637157612825
PA942,0.0756054947144154,0.0080980986831344
