acteur_id,groupe_code,groupe_libelle_court,nom,prenom,total_public_votes,yes_votes,no_votes,abstentions,non_voting,abstention_rate,non_voting_rate,yes_no_share
PA1008,SOC,SOC,David,Alain,474,257,207,10,0,0.02109704641350211,0.0,0.9789029535864979
PA1567,SOC,SOC,Guedj,Jérôme,1913,925,892,96,0,0.0501829587036069,0.0,0.9498170412963931
PA1592,LIOT,LIOT,Habib,David,344,216,106,22,0,0.06395348837209303,0.0,0.936046511627907
PA1630,DR,DR,Herbillon,Michel,570,231,313,26,0,0.0456140350877193,0.0,0.9543859649122807
PA1654,SOC,SOC,Hollande,François,821,392,379,50,0,0.06090133982947625,0.0,0.9390986601705238
PA227089,LIOT,LIOT,Létard,Valérie,165,62,89,9,5,0.05454545454545454,0.030303030303030304,0.9151515151515152
PA266793,DR,DR,Bony,Jean-Yves,1262,472,726,64,0,0.05071315372424723,0.0,0.9492868462757528
PA266797,DR,DR,Gosselin,Philippe,1356,635,624,97,0,0.0715339233038348,0.0,0.9284660766961652
PA266808,DR,DR,Rolland,Vincent,1084,450,591,43,0,0.03966789667896679,0.0,0.9603321033210332
PA267042,LIOT,LIOT,Favennec-Bécot,Yannick,786,345,423,18,0,0.022900763358778626,0.0,0.9770992366412213
PA267200,EPR,EPR,Huyghe,Sébastien,2718,1053,1620,45,0,0.016556291390728478,0.0,0.9834437086092715
PA267285,DR,DR,Wauquiez,Laurent,664,233,406,25,0,0.03765060240963856,0.0,0.9623493975903614
PA267318,DEM,Dem,Grelier,Jean-Carles,523,198,320,5,0,0.009560229445506692,0.0,0.9904397705544933
PA267763,LIOT,LIOT,Bataille,Jean-Pierre,1133,467,578,88,0,0.07766990291262135,0.0,0.9223300970873787
PA267780,HOR,HOR,Firmin Le Bodo,Agnès,2163,610,1426,127,0,0.058714748035136384,0.0,0.9412852519648636
PA267794,DR,DR,Tabarot,Michèle,600,176,402,22,0,0.03666666666666667,0.0,0.9633333333333334
PA2940,ECOS,EcoS,Voynet,Dominique,2710,1261,1212,237,0,0.08745387453874538,0.0,0.9125461254612546
PA2952,LIOT,LIOT,Warsmann,Jean-Luc,1263,421,636,206,0,0.16310372129849565,0.0,0.8368962787015044
PA309643,NI,NI,Besse,Véronique,443,296,128,19,0,0.04288939051918736,0.0,0.9571106094808126
PA330008,DR,DR,Breton,Xavier,1402,397,412,159,434,0.11340941512125535,0.3095577746077033,0.5770328102710414
PA330240,UDDPLR,UDR,Ciotti,Éric,196,93,90,13,0,0.0663265306122449,0.0,0.9336734693877551
PA330240,UDR,UDR,Ciotti,Éric,197,88,100,9,0,0.04568527918781726,0.0,0.9543147208121827
PA330909,DR,DR,Descoeur,Vincent,1839,639,1059,141,0,0.0766721044045677,0.0,0.9233278955954323
PA331582,DEM,Dem,Vigier,Philippe,1891,534,1339,18,0,0.009518773135906928,0.0,0.9904812268640931
PA331973,SOC,SOC,Got,Pascale,2080,916,1019,145,0,0.06971153846153846,0.0,0.9302884615384616
PA332228,HOR,HOR,Benoit,Thierry,2656,919,1424,313,0,0.11784638554216867,0.0,0.8821536144578314
PA332523,DR,DR,Dalloz,Marie-Christine,1450,530,868,52,0,0.03586206896551724,0.0,0.9641379310344828
PA333285,SOC,SOC,Garot,Guillaume,2329,1000,1162,167,0,0.07170459424645771,0.0,0.9282954057535423
PA335054,SOC,SOC,Karamanli,Marietta,2133,991,1036,106,0,0.049695264885138306,0.0,0.9503047351148617
PA335612,GDR,GDR,Lecoq,Jean-Paul,1516,802,653,61,0,0.040237467018469655,0.0,0.9597625329815304
PA335999,ECOS,EcoS,Batho,Delphine,1002,477,446,79,0,0.07884231536926148,0.0,0.9211576846307385
PA340343,SOC,SOC,Saulignac,Hervé,1221,575,569,77,0,0.06306306306306306,0.0,0.9369369369369369
PA341981,SOC,SOC,Récalde,Marie,1103,541,472,90,0,0.0815956482320943,0.0,0.9184043517679057
PA342196,SOC,SOC,Rouaux,Claudia,2627,1113,1415,99,0,0.037685572896840505,0.0,0.9623144271031595
PA342240,DR,DR,Bourgeaux,Jean-Luc,1461,538,818,105,0,0.07186858316221766,0.0,0.9281314168377823
PA342384,LFI-NFP,LFI-NFP,Martin,Élisa,2614,1350,1144,120,0,0.045906656465187455,0.0,0.9540933435348126
PA342415,SOC,SOC,Battistel,Marie-Noëlle,3039,1306,1556,177,0,0.05824284304047384,0.0,0.9417571569595261
PA345722,EPR,EPR,Le Grip,Constance,1907,506,1368,33,0,0.0173046670162559,0.0,0.9826953329837441
PA346782,DR,DR,Juvin,Philippe,2216,956,1115,145,0,0.06543321299638989,0.0,0.9345667870036101
PA368,DR,DR,Barnier,Michel,485,159,288,38,0,0.07835051546391752,0.0,0.9216494845360824
PA569,NI,NI,Bonnecarrère,Philippe,2227,723,1396,108,0,0.048495734171531205,0.0,0.9515042658284688
PA588884,ECOS,EcoS,Autain,Clémentine,866,448,380,38,0,0.04387990762124711,0.0,0.9561200923787528
PA605745,GDR,GDR,Sansu,Nicolas,2174,1007,1042,125,0,0.05749770009199632,0.0,0.9425022999080037
PA605782,HOR,HOR,Marcangeli,Laurent,830,243,482,18,87,0.021686746987951807,0.10481927710843374,0.8734939759036144
PA606507,EPR,EPR,Boudié,Florent,1319,463,840,16,0,0.012130401819560273,0.0,0.9878695981804397
PA606545,ECOS,EcoS,Roumégas,Jean-Louis,1363,738,545,80,0,0.058694057226705794,0.0,0.9413059427732942
PA606573,SOC,SOC,Dombre Coste,Fanny,1655,665,903,87,0,0.05256797583081571,0.0,0.9474320241691843
PA606793,SOC,SOC,Baumel,Laurent,1660,800,813,47,0,0.028313253012048192,0.0,0.9716867469879518
PA607090,DR,DR,Vigier,Jean-Pierre,1400,550,742,108,0,0.07714285714285714,0.0,0.9228571428571428
PA607193,NI,NI,Errante,Sophie,900,222,654,24,0,0.02666666666666667,0.0,0.9733333333333334
PA607395,EPR,EPR,Travert,Stéphane,1711,524,1147,40,0,0.023378141437755698,0.0,0.9766218585622443
PA607553,SOC,SOC,Potier,Dominique,3218,1731,1212,275,0,0.08545680546923555,0.0,0.9145431945307645
PA607619,LIOT,LIOT,Molac,Paul,1338,641,579,118,0,0.08819133034379671,0.0,0.9118086696562033
PA608172,SOC,SOC,Pirès Beaune,Christine,3233,1519,1579,135,0,0.041756882152799255,0.0,0.9582431178472007
PA608264,SOC,SOC,Capdevielle,Colette,2939,1387,1382,170,0,0.05784280367471929,0.0,0.9421571963252807
PA608416,DR,DR,Hetzel,Patrick,2703,1369,1199,130,5,0.048094709581945984,0.001849796522382538,0.9500554938956715
PA608826,DR,DR,Duby-Muller,Virginie,1390,513,795,82,0,0.058992805755395686,0.0,0.9410071942446043
PA609332,SOC,SOC,Faure,Olivier,760,407,311,42,0,0.05526315789473684,0.0,0.9447368421052632
PA610002,ECOS,EcoS,Sas,Eva,2300,1130,1034,136,0,0.059130434782608696,0.0,0.9408695652173913
PA610654,LFI-NFP,LFI-NFP,Nilor,Jean-Philippe,837,328,440,69,0,0.08243727598566308,0.0,0.9175627240143369
PA610968,ECOS,EcoS,Amirshahi,Pouria,3862,1944,1722,196,0,0.050750906266183324,0.0,0.9492490937338167
PA642695,EPR,EPR,Bothorel,Éric,2076,553,1497,26,0,0.012524084778420038,0.0,0.98747591522158
PA642725,DR,DR,Liégeon,Eric,2470,882,1443,145,0,0.058704453441295545,0.0,0.9412955465587044
PA642764,SOC,SOC,Aviragnet,Joël,737,348,351,38,0,0.051560379918588875,0.0,0.9484396200814111
PA642847,DR,DR,Bazin,Thibault,2691,1313,1117,261,0,0.09698996655518395,0.0,0.903010033444816
PA642935,EPR,EPR,Becht,Olivier,264,124,136,4,0,0.015151515151515152,0.0,0.9848484848484849
PA642988,RN,RN,de Lépinau,Hervé,2125,1119,860,146,0,0.06870588235294117,0.0,0.9312941176470588
PA643089,DR,DR,Thiériot,Jean-Louis,1162,393,562,30,177,0.025817555938037865,0.1523235800344234,0.8218588640275387
PA643104,DR,DR,Minard,Christelle,1666,757,854,55,0,0.033013205282112844,0.0,0.9669867947178872
PA643143,SOC,SOC,Baptiste,Christian,1291,678,540,73,0,0.056545313710302095,0.0,0.9434546862896979
PA643157,SOC,SOC,Naillet,Philippe,1728,931,726,71,0,0.041087962962962965,0.0,0.9589120370370371
PA643175,NI,NI,Dupont,Stella,2186,807,1258,121,0,0.05535224153705398,0.0,0.944647758462946
PA643184,EPR,EPR,Klinkert,Brigitte,2044,641,1375,28,0,0.0136986301369863,0.0,0.9863013698630136
PA643192,SOC,SOC,Jourdan,Chantal,3539,1801,1603,135,0,0.03814636903079966,0.0,0.9618536309692003
PA687214,HOR,HOR,Berrios,Sylvain,1609,512,979,118,0,0.07333747669359851,0.0,0.9266625233064015
PA712014,EPR,EPR,Ledoux,Vincent,585,239,335,11,0,0.018803418803418803,0.0,0.9811965811965812
PA712015,DR,DR,Dive,Julien,1114,432,581,101,0,0.09066427289048475,0.0,0.9093357271095153
PA717161,EPR,EPR,Borne,Élisabeth,636,203,334,12,87,0.018867924528301886,0.13679245283018868,0.8443396226415094
PA717379,EPR,EPR,Maillard,Sylvain,1889,580,1276,33,0,0.017469560614081524,0.0,0.9825304393859184
PA718674,EPR,EPR,Givernet,Olga,1978,552,1409,12,5,0.006066734074823054,0.0025278058645096056,0.9914054600606673
PA718784,DR,DR,Pauget,Éric,677,283,361,33,0,0.04874446085672083,0.0,0.9512555391432792
PA718820,EPR,EPR,Cestrières,Pauline,759,178,566,15,0,0.019762845849802372,0.0,0.9802371541501976
PA718838,DR,DR,Brun,Fabrice,550,273,227,50,0,0.09090909090909091,0.0,0.9090909090909091
PA718850,DR,DR,Cordier,Pierre,879,373,429,77,0,0.0875995449374289,0.0,0.9124004550625711
PA718884,DR,DR,Bazin-Malgras,Valérie,3845,1670,2028,147,0,0.03823146944083225,0.0,0.9617685305591678
PA719024,DEM,Dem,Blanchet,Christophe,2607,618,1070,57,862,0.02186421173762946,0.3306482546988876,0.6474875335634829
PA719032,HOR,HOR,Bouyx,Bertrand,2383,585,1661,137,0,0.057490558120016785,0.0,0.9425094418799832
PA719052,HOR,HOR,Kervran,Loïc,2178,539,1496,143,0,0.06565656565656566,0.0,0.9343434343434344
PA719080,EPR,EPR,Marsaud,Sandra,1787,479,1295,13,0,0.007274762171236709,0.0,0.9927252378287633
PA719118,EPR,EPR,Cormier-Bouligeon,François,2147,625,1492,30,0,0.013972985561248253,0.0,0.9860270144387517
PA719138,LIOT,LIOT,Castellani,Michel,369,197,136,36,0,0.0975609756097561,0.0,0.9024390243902439
PA719218,EPR,EPR,Berville,Hervé,1877,569,1281,27,0,0.014384656366542355,0.0,0.9856153436334576
PA719272,DR,DR,Meunier,Frédérique,937,327,588,22,0,0.023479188900747065,0.0,0.9765208110992529
PA719286,LIOT,LIOT,Colombani,Paul-André,765,373,362,30,0,0.0392156862745098,0.0,0.9607843137254902
PA719338,EPR,EPR,Melchior,Graziella,2336,647,1659,30,0,0.012842465753424657,0.0,0.9871575342465754
PA719372,EPR,EPR,Kasbarian,Guillaume,1670,488,1171,6,5,0.003592814371257485,0.0029940119760479044,0.9934131736526947
PA719388,EPR,EPR,Le Meur,Annaïg,1668,497,1147,24,0,0.014388489208633094,0.0,0.9856115107913669
PA719404,EPR,EPR,Le Gac,Didier,1276,363,884,29,0,0.022727272727272728,0.0,0.9772727272727273
PA719412,EPR,EPR,Le Feur,Sandrine,2026,558,1436,32,0,0.01579466929911155,0.0,0.9842053307008884
PA719436,RN,RN,Meizonnet,Nicolas,1991,1021,842,128,0,0.06428930185836264,0.0,0.9357106981416373
PA719472,EPR,EPR,Cazeneuve,Jean-René,1935,542,1335,58,0,0.029974160206718347,0.0,0.9700258397932816
PA719512,EPR,EPR,Vignon,Corinne,2323,684,1608,31,0,0.01334481274214378,0.0,0.9866551872578562
PA719528,HOR,HOR,Portarrieu,Jean-François,299,123,163,13,0,0.043478260869565216,0.0,0.9565217391304348
PA719550,EPR,EPR,Tanguy,Liliana,3618,1452,2096,70,0,0.019347705914870093,0.0,0.9806522940851299
PA719558,DEM,Dem,Balanant,Erwan,1403,490,846,67,0,0.04775481111903065,0.0,0.9522451888809693
PA719578,LFI-NFP,LFI-NFP,Prud'homme,Loïc,1299,540,678,81,0,0.06235565819861432,0.0,0.9376443418013857
PA719632,EPR,EPR,Panonacle,Sophie,1157,328,800,29,0,0.025064822817631807,0.0,0.9749351771823682
PA719640,DEM,Dem,Mette,Sophie,3357,1031,2261,65,0,0.019362526064938934,0.0,0.9806374739350611
PA719756,EPR,EPR,Le Nabour,Christine,2183,588,1570,25,0,0.011452130096197893,0.0,0.9885478699038021
PA719778,HOR,HOR,Jolivet,François,1565,466,1028,71,0,0.04536741214057508,0.0,0.954632587859425
PA719798,EPR,EPR,Labaronne,Daniel,2043,672,1352,19,0,0.00930004894762604,0.0,0.990699951052374
PA719822,DEM,Dem,Thillaye,Sabine,1884,602,1208,74,0,0.03927813163481953,0.0,0.9607218683651805
PA719890,EPR,EPR,Brulebois,Danielle,2418,759,1627,32,0,0.013234077750206782,0.0,0.9867659222497932
PA719914,DEM,Dem,Darrieussecq,Geneviève,2368,645,1686,32,5,0.013513513513513514,0.0021114864864864866,0.984375
PA719922,EPR,EPR,Causse,Lionel,821,307,481,33,0,0.040194884287454324,0.0,0.9598051157125457
PA719930,SOC,SOC,Vallaud,Boris,2330,1111,1126,93,0,0.039914163090128754,0.0,0.9600858369098713
PA719938,DEM,Dem,Fesneau,Marc,1788,606,1151,31,0,0.017337807606263984,0.0,0.982662192393736
PA719968,DR,DR,Bonnet,Sylvie,1224,602,578,44,0,0.03594771241830065,0.0,0.9640522875816994
PA720022,EPR,EPR,Lauzzana,Michel,2565,681,1837,47,0,0.018323586744639377,0.0,0.9816764132553606
PA720038,DEM,Dem,Josso,Sandrine,1622,555,1009,58,0,0.035758323057953144,0.0,0.9642416769420469
PA720092,DEM,Dem,Ramos,Richard,295,146,143,6,0,0.020338983050847456,0.0,0.9796610169491525
PA720100,NI,NI,Pradié,Aurélien,182,79,62,41,0,0.22527472527472528,0.0,0.7747252747252747
PA720138,HOR,HOR,Saint-Paul,Laetitia,1985,514,1319,152,0,0.0765743073047859,0.0,0.9234256926952141
PA720146,EPR,EPR,Masséglia,Denis,1824,556,1228,40,0,0.021929824561403508,0.0,0.9780701754385965
PA720154,EPR,EPR,Dubré-Chirat,Nicole,3377,883,2461,33,0,0.009771986970684038,0.0,0.990228013029316
PA720190,EPR,EPR,Sorre,Bertrand,1421,423,984,14,0,0.009852216748768473,0.0,0.9901477832512315
PA720230,HOR,HOR,Magnier,Lise,2619,734,1647,238,0,0.09087437953417335,0.0,0.9091256204658267
PA720256,DEM,Dem,Bannier,Géraldine,1930,683,1217,30,0,0.015544041450777202,0.0,0.9844559585492227
PA720334,DEM,Dem,Pahun,Jimmy,1730,631,1058,41,0,0.023699421965317918,0.0,0.9763005780346821
PA720342,EPR,EPR,Le Peih,Nicole,2544,696,1825,23,0,0.009040880503144654,0.0,0.9909591194968553
PA720354,EPR,EPR,Jacques,Jean-Michel,677,214,451,12,0,0.01772525849335303,0.0,0.982274741506647
PA720362,EPR,EPR,Belhaddad,Belkhir,31,11,19,1,0,0.03225806451612903,0.0,0.967741935483871
PA720362,NI,NI,Belhaddad,Belkhir,567,209,351,7,0,0.012345679012345678,0.0,0.9876543209876543
PA720362,SOC,SOC,Belhaddad,Belkhir,1105,571,411,123,0,0.11131221719457013,0.0,0.8886877828054298
PA720370,EPR,EPR,Mendes,Ludovic,865,271,570,24,0,0.027745664739884393,0.0,0.9722543352601156
PA720390,DR,DR,End,Jérôme,230,87,131,12,0,0.05217391304347826,0.0,0.9478260869565217
PA720430,LFI-NFP,LFI-NFP,Bernalicis,Ugo,1746,896,790,60,0,0.03436426116838488,0.0,0.9656357388316151
PA720446,EPR,EPR,Liso,Brigitte,2098,501,1576,21,0,0.010009532888465206,0.0,0.9899904671115348
PA720468,RN,RN,Chenu,Sébastien,1668,500,403,64,701,0.03836930455635491,0.42026378896882494,0.5413669064748201
PA720480,HOR,HOR,Parmentier-Lecocq,Charlotte,664,144,340,3,177,0.004518072289156626,0.26656626506024095,0.7289156626506024
PA720552,HOR,HOR,Rauch,Isabelle,1124,341,722,61,0,0.054270462633451956,0.0,0.9457295373665481
PA720560,DEM,Dem,Goulet,Perrine,1332,394,905,33,0,0.024774774774774775,0.0,0.9752252252252253
PA720614,RN,RN,Le Pen,Marine,829,355,412,62,0,0.07478890229191798,0.0,0.9252110977080821
PA720668,RN,RN,Blairy,Emmanuel,1483,793,573,117,0,0.07889413351314903,0.0,0.921105866486851
PA720720,DEM,Dem,Poueyto,Josy,1767,522,1197,48,0,0.027164685908319185,0.0,0.9728353140916808
PA720728,DEM,Dem,Mattei,Jean-Paul,2303,698,1518,87,0,0.0377768128528007,0.0,0.9622231871471993
PA720822,RN,RN,Bilde,Bruno,1388,742,574,72,0,0.05187319884726225,0.0,0.9481268011527377
PA720838,GDR,GDR,Bourouaha,Soumya,1187,615,500,72,0,0.060657118786857624,0.0,0.9393428812131424
PA720846,LFI-NFP,LFI-NFP,Lachaud,Bastien,2505,1054,1294,157,0,0.0626746506986028,0.0,0.9373253493013972
PA720892,LFI-NFP,LFI-NFP,Panot,Mathilde,2719,1276,1308,135,0,0.049650606840750275,0.0,0.9503493931592497
PA720952,LFI-NFP,LFI-NFP,Taché,Aurélien,831,396,411,24,0,0.02888086642599278,0.0,0.9711191335740073
PA720960,LIOT,LIOT,Serva,Olivier,173,90,62,21,0,0.12138728323699421,0.0,0.8786127167630058
PA720976,LIOT,LIOT,Mathiasin,Max,301,182,86,33,0,0.10963455149501661,0.0,0.8903654485049833
PA720992,SOC,SOC,William,Jiovanny,405,214,145,46,0,0.11358024691358025,0.0,0.8864197530864197
PA721004,EPR,EPR,Lakrafi,Amélia,853,309,528,16,0,0.01875732708089097,0.0,0.981242672919109
PA721024,EPR,EPR,Genetet,Anne,1592,437,1130,20,5,0.01256281407035176,0.00314070351758794,0.9842964824120602
PA721062,LFI-NFP,LFI-NFP,Ratenon,Jean-Hugues,1778,907,801,70,0,0.03937007874015748,0.0,0.9606299212598425
PA721110,LIOT,LIOT,Sanquer,Nicole,489,236,174,79,0,0.16155419222903886,0.0,0.8384458077709611
PA721158,EPR,EPR,Anglade,Pieyre-Alexandre,1962,545,1377,40,0,0.020387359836901122,0.0,0.9796126401630989
PA721182,DEM,Dem,Petit,Frédéric,2025,519,1472,34,0,0.016790123456790124,0.0,0.9832098765432099
PA721202,LFI-NFP,LFI-NFP,Coquerel,Éric,1658,904,690,64,0,0.038600723763570564,0.0,0.9613992762364294
PA721210,ECOS,EcoS,Corbière,Alexis,1603,787,746,70,0,0.043668122270742356,0.0,0.9563318777292577
PA721234,DEM,Dem,Petit,Maud,2007,798,1009,200,0,0.09965122072745392,0.0,0.9003487792725461
PA721270,GDR,GDR,Peu,Stéphane,1429,747,611,71,0,0.0496850944716585,0.0,0.9503149055283415
PA721296,EPR,EPR,Gouffier Valente,Guillaume,2533,702,1789,42,0,0.016581129095933674,0.0,0.9834188709040663
PA721314,NI,NI,Schellenberger,Raphaël,510,138,343,29,0,0.056862745098039215,0.0,0.9431372549019608
PA721336,DEM,Dem,Brocard,Blandine,1184,472,560,152,0,0.12837837837837837,0.0,0.8716216216216216
PA721410,DR,DR,Bonnivard,Émilie,2841,1126,1545,170,0,0.059838085181274196,0.0,0.9401619148187258
PA721426,EPR,EPR,Riotton,Véronique,1500,520,967,13,0,0.008666666666666666,0.0,0.9913333333333333
PA721458,HOR,HOR,Roseren,Xavier,892,286,588,18,0,0.020179372197309416,0.0,0.9798206278026906
PA721474,LIOT,LIOT,Viry,Stéphane,576,263,297,16,0,0.027777777777777776,0.0,0.9722222222222222
PA721486,LIOT,LIOT,Naegelen,Christophe,1008,404,482,122,0,0.12103174603174603,0.0,0.878968253968254
PA721584,EPR,EPR,Terlier,Jean,1648,493,1128,27,0,0.016383495145631068,0.0,0.9836165048543689
PA721612,DEM,Dem,Guillerm,Carole,387,134,246,7,0,0.01808785529715762,0.0,0.9819121447028424
PA721632,EPR,EPR,Lemoine,Patricia,722,220,501,1,0,0.0013850415512465374,0.0,0.9986149584487535
PA721750,EPR,EPR,Calvez,Céline,2083,585,1457,41,0,0.019683149303888623,0.0,0.9803168506961114
PA721764,EPR,EPR,Grégoire,Olivia,2245,670,1544,31,0,0.013808463251670379,0.0,0.9861915367483296
PA721816,DR,DR,Boucard,Ian,1326,486,722,118,0,0.0889894419306184,0.0,0.9110105580693816
PA721844,HOR,HOR,Piron,Béatrice,3082,848,2033,201,0,0.06521739130434782,0.0,0.9347826086956522
PA721852,EPR,EPR,Lebec,Marie,2087,630,1428,29,0,0.013895543842836608,0.0,0.9861044561571634
PA721896,GDR,GDR,Faucillon,Elsa,1345,729,572,44,0,0.03271375464684015,0.0,0.9672862453531599
PA721908,EPR,EPR,Braun-Pivet,Yaël,8322,48,43,2,8229,0.0002403268445085316,0.9888248017303533,0.010934871425138187
PA721916,EPR,EPR,Pouzyreff,Natalia,1945,565,1365,15,0,0.007712082262210797,0.0,0.9922879177377892
PA721932,RN,RN,Lorho,Marie-France,3519,1801,1454,264,0,0.07502131287297528,0.0,0.9249786871270247
PA721960,LFI-NFP,LFI-NFP,Obono,Danièle,1880,893,895,92,0,0.04893617021276596,0.0,0.951063829787234
PA721984,DEM,Dem,Latombe,Philippe,776,277,484,15,0,0.019329896907216496,0.0,0.9806701030927835
PA722000,EPR,EPR,Buchou,Stéphane,1823,522,1265,36,0,0.019747668678003292,0.0,0.9802523313219967
PA722070,HOR,HOR,Henriet,Pierre,1666,482,1145,39,0,0.0234093637454982,0.0,0.9765906362545018
PA722102,EPR,EPR,Vidal,Annie,2343,1129,1157,57,0,0.024327784891165175,0.0,0.9756722151088348
PA722134,EPR,EPR,Fiévet,Jean-Marie,1965,570,1367,28,0,0.014249363867684479,0.0,0.9857506361323155
PA722142,ECOS,EcoS,Ruffin,François,568,264,284,20,0,0.035211267605633804,0.0,0.9647887323943662
PA722150,NI,NI,Houlié,Sacha,277,97,167,13,0,0.04693140794223827,0.0,0.9530685920577617
PA722150,SOC,SOC,Houlié,Sacha,864,428,341,95,0,0.1099537037037037,0.0,0.8900462962962963
PA722162,DEM,Dem,Turquois,Nicolas,1931,570,1326,35,0,0.018125323666494046,0.0,0.981874676333506
PA722190,EPR,EPR,Attal,Gabriel,1734,549,1160,25,0,0.01441753171856978,0.0,0.9855824682814303
PA722252,EPR,EPR,Rixain,Marie-Pierre,437,139,286,12,0,0.02745995423340961,0.0,0.9725400457665904
PA722284,DEM,Dem,Fuchs,Bruno,717,285,418,14,0,0.019525801952580194,0.0,0.9804741980474198
PA722336,HOR,HOR,Thiébaut,Vincent,882,369,475,38,0,0.04308390022675737,0.0,0.9569160997732427
PA722358,EPR,EPR,Gassilloud,Thomas,708,219,461,28,0,0.03954802259887006,0.0,0.96045197740113
PA722366,EPR,EPR,Fugit,Jean-Luc,4082,1121,2909,52,0,0.012738853503184714,0.0,0.9872611464968153
PA722374,DEM,Dem,Isaac-Sibille,Cyrille,1882,679,1158,45,0,0.023910733262486716,0.0,0.9760892667375133
PA722382,EPR,EPR,Dirx,Benjamin,1078,301,764,13,0,0.012059369202226345,0.0,0.9879406307977736
PA722390,DR,DR,Corneloup,Josiane,2064,911,1036,117,0,0.056686046511627904,0.0,0.9433139534883721
PA736201,ECOS,EcoS,Taillé-Polian,Sophie,1294,629,601,64,0,0.04945904173106646,0.0,0.9505409582689336
PA757225,EPR,EPR,Seo,Mikaele,390,131,247,12,0,0.03076923076923077,0.0,0.9692307692307692
PA759832,EPR,EPR,Pannier-Runacher,Agnès,1289,395,847,42,5,0.032583397982932506,0.003878975950349108,0.9635376260667183
PA774954,DR,DR,Blin,Anne-Laure,1729,804,861,64,0,0.03701561596298438,0.0,0.9629843840370156
PA774958,SOC,SOC,Leseul,Gérard,3692,1650,1770,272,0,0.07367280606717226,0.0,0.9263271939328277
PA774960,SOC,SOC,Santiago,Isabelle,1963,873,957,133,0,0.06775343861436577,0.0,0.9322465613856342
PA774962,GDR,GDR,Lebon,Karine,1375,629,676,70,0,0.05090909090909091,0.0,0.9490909090909091
PA791812,LFI-NFP,LFI-NFP,Chikirou,Sophia,1690,793,815,82,0,0.0485207100591716,0.0,0.9514792899408284
PA791824,LFI-NFP,LFI-NFP,Legrain,Sarah,4307,2090,2007,210,0,0.0487578360807987,0.0,0.9512421639192014
PA793094,DR,DR,Ray,Nicolas,2124,826,1156,142,0,0.06685499058380415,0.0,0.9331450094161958
PA793102,RN,RN,Girard,Christian,4026,2086,1615,325,0,0.08072528564331843,0.0,0.9192747143566816
PA793122,DEM,Dem,Daubié,Romain,1819,697,1064,58,0,0.03188565145684442,0.0,0.9681143485431556
PA793134,RN,RN,Buisson,Jérôme,2282,1120,971,191,0,0.08369851007887817,0.0,0.9163014899211218
PA793146,RN,RN,Dragon,Nicolas,4435,2347,1757,331,0,0.0746335963923337,0.0,0.9253664036076663
PA793158,RN,RN,Beaurain,José,2601,1340,1070,191,0,0.07343329488658208,0.0,0.9265667051134179
PA793166,RN,RN,Dessigny,Jocelyn,3417,1815,1357,245,0,0.0717003219198127,0.0,0.9282996780801873
PA793174,GDR,GDR,Monnet,Yannick,1424,598,749,77,0,0.05407303370786517,0.0,0.9459269662921348
PA793182,RN,RN,Bovet,Jorys,3042,1593,1185,264,0,0.08678500986193294,0.0,0.9132149901380671
PA793194,NI,NI,Vuibert,Lionel,1421,468,944,9,0,0.0063335679099225895,0.0,0.9936664320900774
PA793214,LIOT,LIOT,Abadie-Amiel,Audrey,907,229,648,30,0,0.03307607497243661,0.0,0.9669239250275634
PA793218,RN,RN,Guitton,Jordan,3269,1585,1439,245,0,0.07494646680942184,0.0,0.9250535331905781
PA793230,RN,RN,Ranc,Angélique,2742,1507,1044,191,0,0.06965718453683442,0.0,0.9303428154631656
PA793246,RN,RN,Falcon,Frédéric,2149,1008,961,180,0,0.08375988832014891,0.0,0.9162401116798511
PA793254,RN,RN,Rancoule,Julien,3527,1788,1424,315,0,0.08931102920328891,0.0,0.9106889707967111
PA793262,LFI-NFP,LFI-NFP,Alexandre,Laurent,3264,1574,1506,184,0,0.056372549019607844,0.0,0.9436274509803921
PA793270,EPR,EPR,Rousset,Jean-François,3653,1075,2555,23,0,0.006296194908294552,0.0,0.9937038050917054
PA793290,RN,RN,Lelouis,Gisèle,2430,1224,1029,177,0,0.0728395061728395,0.0,0.9271604938271605
PA793298,RN,RN,Tivoli,Lionel,2475,1165,1122,188,0,0.07595959595959596,0.0,0.924040404040404
PA793322,UDDPLR,UDR,D'Intorni,Christelle,1293,593,594,106,0,0.08197989172467131,0.0,0.9180201082753287
PA793322,UDR,UDR,D'Intorni,Christelle,334,160,154,20,0,0.059880239520958084,0.0,0.9401197604790419
PA793334,RN,RN,Tribuiani,Cyril,578,237,299,42,0,0.0726643598615917,0.0,0.9273356401384083
PA793342,DR,DR,Martin (Alpes-Maritimes),Alexandra,952,359,566,27,0,0.028361344537815126,0.0,0.9716386554621849
PA793354,RN,RN,Mélin,Joëlle,1782,921,681,180,0,0.10101010101010101,0.0,0.898989898989899
PA793362,RN,RN,Gonzalez,José,2892,1532,1121,239,0,0.0826417704011065,0.0,0.9173582295988935
PA793374,RN,RN,Baubry,Romain,1596,786,676,134,0,0.08395989974937343,0.0,0.9160401002506265
PA793382,RN,RN,Taché,Emmanuel,1095,652,389,54,0,0.049315068493150684,0.0,0.9506849315068493
PA793394,SOC,SOC,Delaporte,Arthur,3321,1455,1592,274,0,0.08250526949713942,0.0,0.9174947305028606
PA793398,HOR,HOR,Patrier-Leitus,Jérémie,2618,833,1602,183,0,0.06990068754774637,0.0,0.9300993124522536
PA793432,RN,RN,Allisio,Franck,599,307,253,39,0,0.0651085141903172,0.0,0.9348914858096828
PA793444,LFI-NFP,LFI-NFP,Bompard,Manuel,2343,1151,1101,91,0,0.03883909517712335,0.0,0.9611609048228766
PA793452,ECOS,EcoS,Davi,Hendrik,2292,1304,865,123,0,0.05366492146596859,0.0,0.9463350785340314
PA793464,LFI-NFP,LFI-NFP,Delogu,Sébastien,1546,725,732,89,0,0.057567917205692105,0.0,0.9424320827943079
PA793508,DR,DR,Brigand,Hubert,1151,450,597,104,0,0.09035621198957429,0.0,0.9096437880104257
PA793520,DEM,Dem,Cosson,Mickaël,1725,634,1033,58,0,0.0336231884057971,0.0,0.9663768115942029
PA793532,LFI-NFP,LFI-NFP,Lepvraud,Murielle,3953,2013,1775,165,0,0.04174045029091829,0.0,0.9582595497090817
PA793548,RN,RN,Colombier,Caroline,3671,1942,1460,269,0,0.07327703622991011,0.0,0.9267229637700899
PA793556,DEM,Dem,Gervais,Sabine,496,92,403,1,0,0.0020161290322580645,0.0,0.9979838709677419
PA793572,HOR,HOR,Plassard,Christophe,1709,501,1144,64,0,0.037448800468110006,0.0,0.96255119953189
PA793592,RN,RN,Grangier,Géraldine,2829,1358,1275,196,0,0.06928243195475434,0.0,0.9307175680452456
PA793608,RN,RN,Levavasseur,Katiana,2856,1522,1132,202,0,0.07072829131652661,0.0,0.9292717086834734
PA793616,RN,RN,Mauvieux,Kévin,3593,1715,1585,293,0,0.08154745338157529,0.0,0.9184525466184247
PA793624,SOC,SOC,Brun,Philippe,1900,1093,687,120,0,0.06315789473684211,0.0,0.9368421052631579
PA793632,RN,RN,Houssin,Timothée,3174,1680,1221,273,0,0.08601134215500945,0.0,0.9139886578449905
PA793656,RN,RN,Pollet,Lisette,5214,2859,1962,393,0,0.07537399309551208,0.0,0.9246260069044879
PA793664,ECOS,EcoS,Pochon,Marie,1824,998,719,107,0,0.05866228070175439,0.0,0.9413377192982456
PA793672,RN,RN,Loir,Christine,4927,2702,1839,386,0,0.07834381976862188,0.0,0.9216561802313781
PA793696,RN,RN,Muller,Serge,3364,1653,1422,289,0,0.08590963139120095,0.0,0.914090368608799
PA793708,ECOS,EcoS,Peytavie,Sébastien,3602,1858,1567,177,0,0.04913936701832315,0.0,0.9508606329816769
PA793716,DEM,Dem,Croizier,Laurent,1324,421,866,37,0,0.027945619335347432,0.0,0.9720543806646526
PA793736,LFI-NFP,LFI-NFP,Clouet,Hadrien,2420,978,1357,85,0,0.03512396694214876,0.0,0.9648760330578512
PA793744,LFI-NFP,LFI-NFP,Stambach-Terrenoir,Anne,4409,2205,1998,206,0,0.04672261283737809,0.0,0.9532773871626219
PA793756,LFI-NFP,LFI-NFP,Piquemal,François,1254,614,545,95,0,0.07575757575757576,0.0,0.9242424242424242
PA793772,LFI-NFP,LFI-NFP,Bex,Christophe,3492,1637,1602,253,0,0.07245131729667813,0.0,0.9275486827033219
PA793780,ECOS,EcoS,Arrighi,Christine,1796,1007,725,64,0,0.035634743875278395,0.0,0.9643652561247216
PA793796,LIOT,LIOT,Taupiac,David,1177,521,505,151,0,0.12829226847918437,0.0,0.8717077315208156
PA793796,NI,NI,Taupiac,David,1,1,0,0,0,0.0,0.0,1.0
PA793816,SOC,SOC,Thomin,Mélanie,1854,858,842,154,0,0.08306364617044229,0.0,0.9169363538295577
PA793832,RN,RN,Gillet,Yoann,3962,1971,1633,358,0,0.09035840484603735,0.0,0.9096415951539626
PA793852,RN,RN,Meurin,Pierre,2986,1585,1186,215,0,0.07200267916945746,0.0,0.9279973208305425
PA793872,LFI-NFP,LFI-NFP,Oziol,Nathalie,1715,799,855,61,0,0.035568513119533525,0.0,0.9644314868804664
PA793892,RN,RN,Galzy,Stéphanie,1530,692,686,152,0,0.09934640522875816,0.0,0.9006535947712418
PA793912,LFI-NFP,LFI-NFP,Carrière,Sylvain,3905,1903,1798,204,0,0.05224071702944942,0.0,0.9477592829705506
PA793928,RN,RN,Diaz,Edwige,4979,2497,2015,467,0,0.09379393452500502,0.0,0.9062060654749949
PA793944,EPR,EPR,Martin (Gironde),Alexandra,90,56,32,2,0,0.022222222222222223,0.0,0.9777777777777777
PA793948,ECOS,EcoS,Thierry,Nicolas,1636,830,725,81,0,0.049511002444987774,0.0,0.9504889975550123
PA793980,ECOS,EcoS,Fournier,Charles,2398,1236,1060,102,0,0.042535446205170975,0.0,0.957464553794829
PA793992,HOR,HOR,Alfandari,Henri,454,193,250,11,0,0.024229074889867842,0.0,0.9757709251101322
PA794008,ECOS,EcoS,Chatelain,Cyrielle,2728,1386,1264,78,0,0.028592375366568914,0.0,0.9714076246334311
PA794022,ECOS,EcoS,Iordanoff,Jérémie,2648,1164,911,153,420,0.05777945619335347,0.15861027190332327,0.7836102719033232
PA794030,RN,RN,Jolly,Alexis,2019,961,871,187,0,0.09262010896483408,0.0,0.9073798910351659
PA794038,DR,DR,Neuder,Yannick,440,145,185,23,87,0.05227272727272727,0.19772727272727272,0.75
PA794058,DR,DR,Gruet,Justine,1956,1065,758,133,0,0.0679959100204499,0.0,0.9320040899795501
PA794082,LFI-NFP,LFI-NFP,Hignet,Mathilde,4007,2005,1842,160,0,0.0399301222859995,0.0,0.9600698777140005
PA794094,SOC,SOC,Bouloux,Mickaël,3365,1565,1554,246,0,0.07310549777117385,0.0,0.9268945022288262
PA794106,LFI-NFP,LFI-NFP,Taurinya,Andrée,3575,1846,1569,160,0,0.044755244755244755,0.0,0.9552447552447553
PA794114,DEM,Dem,Mandon,Emmanuel,1472,529,824,119,0,0.08084239130434782,0.0,0.9191576086956522
PA794118,DR,DR,Vermorel-Marques,Antoine,746,257,442,47,0,0.06300268096514745,0.0,0.9369973190348525
PA794130,LFI-NFP,LFI-NFP,Kerbrat,Andy,2533,1353,1068,112,0,0.04421634425582313,0.0,0.9557836557441769
PA794138,LFI-NFP,LFI-NFP,Amiot,Ségolène,4071,2017,1819,235,0,0.057725374600835176,0.0,0.9422746253991648
PA794146,ECOS,EcoS,Laernoes,Julie,2228,966,1186,76,0,0.03411131059245961,0.0,0.9658886894075404
PA794154,ECOS,EcoS,Raux,Jean-Claude,2960,1495,1314,151,0,0.05101351351351351,0.0,0.9489864864864865
PA794166,LFI-NFP,LFI-NFP,Tavel,Matthias,2311,1055,1163,93,0,0.040242319342276074,0.0,0.9597576806577239
PA794182,DR,DR,Bonnefoy,Jean-Yves,2,1,1,0,0,0.0,0.0,1.0
PA794198,RN,RN,Chudeau,Roger,2106,1149,790,167,0,0.07929724596391263,0.0,0.9207027540360874
PA794206,EPR,EPR,Marion,Christophe,3779,1113,2631,35,0,0.009261709446943637,0.0,0.9907382905530564
PA794234,HOR,HOR,Gernigon,François,2046,731,1272,43,0,0.021016617790811338,0.0,0.9789833822091887
PA794262,DEM,Dem,Maussion,Patricia,336,87,209,40,0,0.11904761904761904,0.0,0.8809523809523809
PA794270,SOC,SOC,Pic,Anna,1780,801,878,101,0,0.056741573033707866,0.0,0.9432584269662921
PA794278,HOR,HOR,Albertini,Xavier,702,230,460,12,0,0.017094017094017096,0.0,0.9829059829059829
PA794322,RN,RN,Ménagé,Thomas,2167,1005,963,199,0,0.09183202584217813,0.0,0.9081679741578219
PA794330,EPR,EPR,Brosse,Anthony,5275,1412,3812,51,0,0.00966824644549763,0.0,0.9903317535545023
PA794354,RN,RN,Laporte,Hélène,2534,1181,966,164,223,0.06471981057616416,0.08800315706393054,0.8472770323599053
PA794418,RN,RN,Goulet,Florence,3492,1669,1544,279,0,0.07989690721649484,0.0,0.9201030927835051
PA794430,HOR,HOR,Criaud,Michel,1390,405,896,89,0,0.06402877697841726,0.0,0.9359712230215828
PA794434,RN,RN,Bentz,Christophe,4898,2749,1803,346,0,0.07064107799101674,0.0,0.9293589220089833
PA794442,RN,RN,Robert-Dehault,Laurence,2768,1505,1046,217,0,0.07839595375722544,0.0,0.9216040462427746
PA794470,HOR,HOR,Gérard,Félicie,2461,663,1562,236,0,0.09589597724502234,0.0,0.9041040227549777
PA794486,EPR,EPR,Spillebout,Violette,1086,431,637,18,0,0.016574585635359115,0.0,0.9834254143646409
PA794494,SOC,SOC,Vicot,Roger,1398,781,526,91,0,0.06509298998569385,0.0,0.9349070100143062
PA794502,RN,RN,Taverne,Michaël,2523,1173,1184,166,0,0.06579468886246533,0.0,0.9342053111375347
PA794518,HOR,HOR,Marle,Pierre,893,280,586,27,0,0.030235162374020158,0.0,0.9697648376259799
PA794530,RN,RN,Marchio,Matthieu,2450,1161,1083,206,0,0.08408163265306122,0.0,0.9159183673469388
PA794562,RN,RN,Ballard,Philippe,1955,1003,805,147,0,0.07519181585677749,0.0,0.9248081841432225
PA794570,RN,RN,Sabatou,Alexandre,2366,1124,1045,197,0,0.08326289095519865,0.0,0.9167371090448013
PA794578,HOR,HOR,Ludmann,Véronique,616,184,431,1,0,0.0016233766233766235,0.0,0.9983766233766234
PA794582,RN,RN,Pfeffer,Kévin,2658,1176,1231,251,0,0.09443190368698269,0.0,0.9055680963130173
PA794590,RN,RN,Loubet,Alexandre,2108,989,936,183,0,0.08681214421252371,0.0,0.9131878557874763
PA794598,RN,RN,Jacobelli,Laurent,2426,1257,975,194,0,0.07996702390766694,0.0,0.920032976092333
PA794658,EPR,EPR,Fait,Philippe,338,118,218,2,0,0.005917159763313609,0.0,0.9940828402366864
PA794658,HOR,HOR,Fait,Philippe,863,267,525,71,0,0.08227114716106605,0.0,0.9177288528389339
PA794670,RN,RN,Parmentier,Caroline,1933,1002,751,180,0,0.09311950336264874,0.0,0.9068804966373513
PA794678,RN,RN,Frappé,Thierry,3354,1971,1135,248,0,0.07394156231365534,0.0,0.9260584376863447
PA794686,LFI-NFP,LFI-NFP,Maximi,Marianne,2142,1085,988,69,0,0.03221288515406162,0.0,0.9677871148459384
PA794702,DEM,Dem,Lingemann,Delphine,2450,793,1583,74,0,0.030204081632653063,0.0,0.9697959183673469
PA794710,GDR,GDR,Brugerolles,Julien,983,466,432,85,0,0.08646998982706001,0.0,0.91353001017294
PA794718,NI,NI,Engrand,Christine,897,467,328,102,0,0.11371237458193979,0.0,0.8862876254180602
PA794718,RN,RN,Engrand,Christine,47,23,18,6,0,0.1276595744680851,0.0,0.8723404255319149
PA794734,RN,RN,Guiniot,Michel,1931,950,851,130,0,0.06732263076126359,0.0,0.9326773692387365
PA794750,DR,DR,Liger,Thierry,587,229,341,17,0,0.028960817717206135,0.0,0.9710391822827938
PA794762,RN,RN,Dogor-Such,Sandrine,3898,2245,1368,285,0,0.07311441765007697,0.0,0.926885582349923
PA794770,RN,RN,Martinez,Michèle,1866,956,753,157,0,0.08413719185423366,0.0,0.9158628081457664
PA794778,ECOS,EcoS,Regol,Sandra,4038,2074,1662,302,0,0.07478949975235265,0.0,0.9252105002476474
PA794786,LFI-NFP,LFI-NFP,Fernandes,Emmanuel,4767,2319,2141,307,0,0.0644010908328089,0.0,0.9355989091671911
PA794798,EPR,EPR,Buffet,Françoise,3324,1005,2276,43,0,0.012936221419975932,0.0,0.987063778580024
PA794802,EPR,EPR,Sitzenstuhl,Charles,4949,1674,3238,37,0,0.007476257829864619,0.0,0.9925237421701354
PA794810,DEM,Dem,Morel,Louise,3257,1012,2130,115,0,0.03530856616518269,0.0,0.9646914338348174
PA794830,DEM,Dem,Ott,Hubert,1533,575,860,98,0,0.0639269406392694,0.0,0.9360730593607306
PA794838,HOR,HOR,Lemaire,Didier,1112,382,695,35,0,0.03147482014388489,0.0,0.9685251798561151
PA794854,SOC,SOC,Echaniz,Iñaki,3003,1517,1300,186,0,0.061938061938061936,0.0,0.938061938061938
PA794870,LFI-NFP,LFI-NFP,Ferrer,Sylvie,2696,1376,1209,111,0,0.041172106824925815,0.0,0.9588278931750742
PA794886,RN,RN,Blanc,Sophie,1983,972,860,151,0,0.07614725163893091,0.0,0.9238527483610691
PA794894,RN,RN,Sabatini,Anaïs,4682,2434,1901,347,0,0.07411362665527553,0.0,0.9258863733447245
PA794906,LFI-NFP,LFI-NFP,Amard,Gabriel,2486,1148,1221,117,0,0.04706355591311343,0.0,0.9529364440868866
PA794938,LFI-NFP,LFI-NFP,Boumertit,Idir,1983,896,953,134,0,0.06757438224911749,0.0,0.9324256177508825
PA794946,RN,RN,Villedieu,Antoine,3156,1530,1376,250,0,0.07921419518377694,0.0,0.9207858048162231
PA794954,RN,RN,Salmon,Emeric,5927,3043,2423,461,0,0.07777965243799562,0.0,0.9222203475620044
PA794982,EPR,EPR,Delpech,Julie,1399,500,883,16,0,0.01143674052894925,0.0,0.9885632594710507
PA794994,DR,DR,Portier,Alexandre,939,378,528,28,5,0.029818956336528223,0.005324813631522897,0.9648562300319489
PA795010,ECOS,EcoS,Garin,Marie-Charlotte,2002,1045,837,120,0,0.059940059940059943,0.0,0.9400599400599401
PA795026,HOR,HOR,Violland,Anne-Cécile,1688,521,1031,136,0,0.08056872037914692,0.0,0.919431279620853
PA795046,EPR,EPR,Yadan,Caroline,1589,495,1075,19,0,0.01195720578980491,0.0,0.9880427942101951
PA795050,EPR,EPR,Panosyan-Bouvet,Astrid,1741,606,1086,44,5,0.02527283170591614,0.002871912693854107,0.9718552556002298
PA795076,ECOS,EcoS,Rousseau,Sandrine,2674,1176,1391,107,0,0.0400149588631264,0.0,0.9599850411368736
PA795084,LFI-NFP,LFI-NFP,Arenas,Rodrigo,1357,623,670,64,0,0.04716285924834193,0.0,0.952837140751658
PA795100,DEM,Dem,Martineau,Éric,3825,1156,2525,144,0,0.03764705882352941,0.0,0.9623529411764706
PA795108,LFI-NFP,LFI-NFP,Leboucher,Élise,3644,1637,1862,145,0,0.03979143798024149,0.0,0.9602085620197585
PA795124,DEM,Dem,Padey,Didier,678,237,427,14,0,0.02064896755162242,0.0,0.9793510324483776
PA795136,LFI-NFP,LFI-NFP,Coulomme,Jean-François,3875,2058,1613,204,0,0.05264516129032258,0.0,0.9473548387096774
PA795156,SOC,SOC,Keloua Hachi,Fatiha,1536,760,712,64,0,0.041666666666666664,0.0,0.9583333333333334
PA795164,LFI-NFP,LFI-NFP,Trouvé,Aurélie,1805,853,901,51,0,0.028254847645429362,0.0,0.9717451523545706
PA795176,EPR,EPR,Metzdorf,Nicolas,1203,376,812,15,0,0.012468827930174564,0.0,0.9875311720698254
PA795200,LFI-NFP,LFI-NFP,Dufour,Alma,1439,641,752,46,0,0.031966643502432245,0.0,0.9680333564975677
PA795228,LFI-NFP,LFI-NFP,Abomangoli,Nadège,3295,1501,1451,93,250,0.028224582701062217,0.07587253414264036,0.8959028831562974
PA795240,GDR,GDR,Reid Arbelot,Mereana,307,129,157,21,0,0.06840390879478828,0.0,0.9315960912052117
PA795244,LIOT,LIOT,Lenormand,Stéphane,1231,410,721,100,0,0.08123476848090982,0.0,0.9187652315190902
PA795258,DEM,Dem,Gumbs,Frantz,1470,499,935,36,0,0.024489795918367346,0.0,0.9755102040816327
PA795270,HOR,HOR,Poussier-Winsback,Marie-Agnès,2477,555,947,105,870,0.04238998788857489,0.3512313282196205,0.6063786838918046
PA795298,LFI-NFP,LFI-NFP,Legavre,Jérôme,2509,1267,1154,88,0,0.03507373455559984,0.0,0.9649262654444002
PA795310,LFI-NFP,LFI-NFP,Guetté,Clémence,3160,1453,1330,102,275,0.032278481012658226,0.08702531645569621,0.8806962025316456
PA795318,LFI-NFP,LFI-NFP,Boyard,Louis,2151,1012,1049,90,0,0.04184100418410042,0.0,0.9581589958158996
PA795326,EPR,EPR,Weissberg,Christopher,411,130,273,8,0,0.019464720194647202,0.0,0.9805352798053528
PA795334,EPR,EPR,Larrouquis,Benoît,449,186,251,12,0,0.026726057906458798,0.0,0.9732739420935412
PA795350,HOR,HOR,Valletoux,Frédéric,2443,624,1726,93,0,0.03806794924273434,0.0,0.9619320507572656
PA795362,ECOS,EcoS,Belluco,Lisa,2611,1360,1113,138,0,0.05285331290693221,0.0,0.9471466870930678
PA795374,DEM,Dem,Lecamp,Pascal,2351,684,1634,33,0,0.014036580178647383,0.0,0.9859634198213526
PA795390,EPR,EPR,Lalanne,Sandrine,1427,456,924,47,0,0.032936229852838124,0.0,0.9670637701471618
PA795402,EPR,EPR,Coggia,Nathalie,2087,525,1529,33,0,0.01581217057977959,0.0,0.9841878294202204
PA795410,RN,RN,Roullaud,Béatrice,3748,1858,1557,333,0,0.08884738527214514,0.0,0.9111526147278548
PA795422,LFI-NFP,LFI-NFP,Maudet,Damien,2040,994,953,93,0,0.045588235294117645,0.0,0.9544117647058824
PA795430,SOC,SOC,Delautrette,Stéphane,2654,1103,1465,86,0,0.03240391861341371,0.0,0.9675960813865863
PA795454,ECOS,EcoS,Ben Cheikh,Karim,2901,1524,1304,73,0,0.025163736642537057,0.0,0.974836263357463
PA795466,LFI-NFP,LFI-NFP,Soudais,Ersilia,2369,1071,1169,129,0,0.054453355846348674,0.0,0.9455466441536513
PA795482,LFI-NFP,LFI-NFP,Meunier,Manon,2591,1277,1161,153,0,0.05905055962948669,0.0,0.9409494403705133
PA795516,LFI-NFP,LFI-NFP,Laisney,Maxime,4146,2014,1990,142,0,0.03424987940183309,0.0,0.9657501205981669
PA795528,EPR,EPR,Rodwell,Charles,2600,720,1843,37,0,0.01423076923076923,0.0,0.9857692307692307
PA795540,NI,NI,Grenon,Daniel,482,308,155,19,0,0.03941908713692946,0.0,0.9605809128630706
PA795552,RN,RN,Odoul,Julien,665,377,236,52,0,0.07819548872180451,0.0,0.9218045112781955
PA795588,LFI-NFP,LFI-NFP,Amrani,Farida,2573,1395,1042,136,0,0.052856587640886125,0.0,0.9471434123591139
PA795596,LFI-NFP,LFI-NFP,Vannier,Paul,1941,962,887,92,0,0.04739824832560536,0.0,0.9526017516743946
PA795616,LFI-NFP,LFI-NFP,Bilongo,Carlos Martens,1593,801,726,66,0,0.04143126177024482,0.0,0.9585687382297552
PA795636,ECOS,EcoS,Lucas-Lundy,Benjamin,1902,1006,822,74,0,0.03890641430073607,0.0,0.961093585699264
PA795644,RN,RN,Da Conceicao Carvalho,Nathalie,3320,1786,1256,278,0,0.08373493975903615,0.0,0.9162650602409639
PA795664,EPR,EPR,Midy,Paul,2082,615,1450,17,0,0.008165225744476465,0.0,0.9918347742555236
PA795672,LFI-NFP,LFI-NFP,Le Gall,Arnaud,2497,1189,1200,108,0,0.043251902282739285,0.0,0.9567480977172607
PA795722,EPR,EPR,Olive,Karl,589,222,351,16,0,0.027164685908319185,0.0,0.9728353140916808
PA795730,EPR,EPR,Marchive,Bastien,2071,521,1460,90,0,0.04345726702076291,0.0,0.9565427329792371
PA795746,LFI-NFP,LFI-NFP,Léaument,Antoine,2657,1351,1153,153,0,0.057583741061347386,0.0,0.9424162589386527
PA795762,SOC,SOC,Califer,Elie,1927,945,853,129,0,0.06694343539180073,0.0,0.9330565646081993
PA795778,RN,RN,Tanguy,Jean-Philippe,2746,1328,1170,248,0,0.09031318281136198,0.0,0.909686817188638
PA795786,RN,RN,Ménaché,Yaël,1658,863,683,112,0,0.06755126658624849,0.0,0.9324487334137516
PA795808,ECOS,EcoS,Sebaihi,Sabrina,2100,1127,856,117,0,0.055714285714285716,0.0,0.9442857142857143
PA795820,GDR,GDR,Nadeau,Marcellin,652,278,347,27,0,0.04141104294478527,0.0,0.9585889570552147
PA795844,LFI-NFP,LFI-NFP,Erodi,Karen,3330,1481,1695,154,0,0.04624624624624624,0.0,0.9537537537537537
PA795864,EPR,EPR,Cazeneuve,Pierre,2003,613,1351,39,0,0.019470793809286072,0.0,0.9805292061907139
PA795868,GDR,GDR,Castor,Jean-Victor,726,372,324,30,0,0.04132231404958678,0.0,0.9586776859504132
PA795876,GDR,GDR,Rimane,Davy,273,147,116,10,0,0.03663003663003663,0.0,0.9633699633699634
PA795884,EPR,EPR,Ferracci,Marc,701,214,478,4,5,0.005706134094151213,0.007132667617689016,0.9871611982881597
PA795900,RN,RN,Hamelet,Marine,6443,3398,2544,501,0,0.0777588080086916,0.0,0.9222411919913084
PA795908,EPR,EPR,Chenevard,Yannick,1527,502,1005,20,0,0.01309757694826457,0.0,0.9869024230517355
PA795912,RN,RN,Lavalette,Laure,818,414,364,40,0,0.0488997555012225,0.0,0.9511002444987775
PA795920,EPR,EPR,Thevenot,Prisca,2829,879,1891,59,0,0.020855425945563805,0.0,0.9791445740544362
PA795954,EPR,EPR,Ibled,Catherine,1174,377,786,11,0,0.009369676320272573,0.0,0.9906303236797275
PA795962,EPR,EPR,Missoffe,Joséphine,2221,778,1353,90,0,0.040522287257991896,0.0,0.9594777127420081
PA795966,RN,RN,Rambaud,Stéphane,2292,1206,905,181,0,0.07897033158813263,0.0,0.9210296684118674
PA795974,RN,RN,Lottiaux,Philippe,3700,1861,1531,308,0,0.08324324324324324,0.0,0.9167567567567567
PA795982,LFI-NFP,LFI-NFP,Saintoul,Aurélien,3498,1745,1554,199,0,0.05688965122927387,0.0,0.9431103487707261
PA795998,GDR,GDR,K/Bidi,Émeline,969,470,437,62,0,0.06398348813209494,0.0,0.936016511867905
PA796010,GDR,GDR,Maillot,Frédéric,701,354,290,57,0,0.08131241084165478,0.0,0.9186875891583453
PA796018,ECOS,EcoS,Simonnet,Danielle,2420,1034,1300,86,0,0.03553719008264463,0.0,0.9644628099173553
PA796026,RN,RN,Lechanteux,Julie,1467,788,557,122,0,0.08316291751874574,0.0,0.9168370824812543
PA796034,RN,RN,Giletti,Frank,2063,1184,751,128,0,0.06204556471158507,0.0,0.9379544352884149
PA796042,RN,RN,Boccaletti,Frédéric,2807,1410,1160,237,0,0.08443177769861061,0.0,0.9155682223013893
PA796050,RN,RN,Schreck,Philippe,2291,1276,881,134,0,0.058489742470536885,0.0,0.9415102575294632
PA796062,LFI-NFP,LFI-NFP,Portes,Thomas,2996,1508,1365,123,0,0.041054739652870494,0.0,0.9589452603471295
PA796070,LFI-NFP,LFI-NFP,Gaillard,Perceval,2597,1290,1192,115,0,0.04428186368887178,0.0,0.9557181363111282
PA796078,LIOT,LIOT,Youssouffa,Estelle,625,322,270,33,0,0.0528,0.0,0.9472
PA796090,LFI-NFP,LFI-NFP,Caron,Aymeric,1562,745,706,111,0,0.07106274007682459,0.0,0.9289372599231754
PA796106,GDR,GDR,Bénard,Édouard,1388,610,659,119,0,0.08573487031700289,0.0,0.9142651296829971
PA796118,RN,RN,Auzanot,Bénédicte,1617,803,691,123,0,0.07606679035250463,0.0,0.9239332096474954
PA805166,DEM,Dem,Bergantz,Anne,3899,1076,2654,169,0,0.043344447294177996,0.0,0.956655552705822
PA817203,EPR,EPR,Miller,Laure,1557,555,953,49,0,0.03147077713551702,0.0,0.968529222864483
PA817211,LFI-NFP,LFI-NFP,Pilato,René,3383,1414,1811,158,0,0.04670410877919007,0.0,0.9532958912208099
PA822617,LIOT,LIOT,Froger,Martine,398,205,171,22,0,0.05527638190954774,0.0,0.9447236180904522
PA822617,SOC,SOC,Froger,Martine,1398,684,613,101,0,0.07224606580829757,0.0,0.9277539341917024
PA826635,SOC,SOC,Rousseau,Aurélien,1953,812,949,192,0,0.09831029185867896,0.0,0.901689708141321
PA840067,RN,RN,Tomatis,Gabriel,248,180,56,12,0,0.04838709677419355,0.0,0.9516129032258065
PA840075,RN,RN,Casterman,Eddy,2711,1331,1219,161,0,0.059387679822943566,0.0,0.9406123201770564
PA840107,RN,RN,Chaumeil,Bernard,155,104,44,7,0,0.04516129032258064,0.0,0.9548387096774194
PA840119,NI,NI,Delannoy,Sandra,34,23,10,1,0,0.029411764705882353,0.0,0.9705882352941176
PA840119,RN,RN,Delannoy,Sandra,1790,938,688,164,0,0.09162011173184358,0.0,0.9083798882681564
PA840135,RN,RN,Dufosset,Alexandre,2227,1032,961,234,0,0.10507409070498429,0.0,0.8949259092950157
PA840143,RN,RN,Florquin,Guillaume,2504,1224,1075,205,0,0.08186900958466453,0.0,0.9181309904153354
PA840159,RN,RN,Clavet,Bruno,1359,747,538,74,0,0.054451802796173655,0.0,0.9455481972038263
PA840175,SOC,SOC,Bregman,Dorine,850,361,465,24,0,0.02823529411764706,0.0,0.971764705882353
PA840235,EPR,EPR,Frébault,Moerani,460,211,239,10,0,0.021739130434782608,0.0,0.9782608695652174
PA840657,UDDPLR,UDR,Ricourt Vaginay,Sophie,1190,591,507,92,0,0.0773109243697479,0.0,0.9226890756302522
PA840657,UDR,UDR,Ricourt Vaginay,Sophie,833,453,313,67,0,0.08043217286914765,0.0,0.9195678271308524
PA840665,SOC,SOC,Allemand,Marie-José,3113,1514,1356,243,0,0.07805974943784132,0.0,0.9219402505621587
PA840673,SOC,SOC,Rossi,Valérie,3360,1711,1303,346,0,0.10297619047619047,0.0,0.8970238095238096
PA840685,UDDPLR,UDR,Trébuchet,Vincent,1204,583,531,90,0,0.07475083056478406,0.0,0.925249169435216
PA840685,UDR,UDR,Trébuchet,Vincent,376,211,155,10,0,0.026595744680851064,0.0,0.973404255319149
PA840701,UDDPLR,UDR,Chaix,Bernard,851,466,309,76,0,0.08930669800235018,0.0,0.9106933019976499
PA840701,UDR,UDR,Chaix,Bernard,708,370,277,61,0,0.08615819209039548,0.0,0.9138418079096046
PA840721,UDDPLR,UDR,Chavent,Marc,1145,567,432,146,0,0.1275109170305677,0.0,0.8724890829694323
PA840721,UDR,UDR,Chavent,Marc,646,409,192,45,0,0.0696594427244582,0.0,0.9303405572755418
PA840745,RN,RN,Jordan,Édouard,722,359,313,50,0,0.06925207756232687,0.0,0.9307479224376731
PA840757,RN,RN,Griseti,Monique,2941,1495,1191,255,0,0.08670520231213873,0.0,0.9132947976878613
PA840765,SOC,SOC,Lhardit,Laurent,2386,1250,954,182,0,0.07627829002514669,0.0,0.9237217099748533
PA840773,UDDPLR,UDR,Fayssat,Olivier,2985,1411,1305,269,0,0.09011725293132328,0.0,0.9098827470686767
PA840773,UDR,UDR,Fayssat,Olivier,1680,894,679,107,0,0.06369047619047619,0.0,0.9363095238095238
PA840781,RN,RN,Tonussi,Romain,2418,1205,1027,186,0,0.07692307692307693,0.0,0.9230769230769231
PA840793,SOC,SOC,Pena,Marc,1476,798,558,120,0,0.08130081300813008,0.0,0.9186991869918699
PA840801,RN,RN,Fouquart,Emmanuel,2799,1392,1198,209,0,0.07466952483029654,0.0,0.9253304751697035
PA840809,UDDPLR,UDR,Verny,Gérault,480,242,215,23,0,0.04791666666666667,0.0,0.9520833333333333
PA840809,UDR,UDR,Verny,Gérault,551,330,203,18,0,0.032667876588021776,0.0,0.9673321234119783
PA840817,LIOT,LIOT,Bruneau,Joël,3290,1135,2000,155,0,0.04711246200607903,0.0,0.952887537993921
PA840829,SOC,SOC,Barusseau,Fabrice,2464,1088,1190,186,0,0.07548701298701299,0.0,0.924512987012987
PA840837,RN,RN,Markowsky,Pascal,3825,1882,1632,311,0,0.08130718954248366,0.0,0.9186928104575164
PA840857,RN,RN,Lechon,Nadine,3295,1714,1320,261,0,0.07921092564491654,0.0,0.9207890743550835
PA840869,RN,RN,Joubert,Florence,3298,1685,1338,275,0,0.08338386901152213,0.0,0.9166161309884778
PA840889,UDDPLR,UDR,Bloch,Matthieu,1636,802,625,209,0,0.12775061124694376,0.0,0.8722493887530562
PA840889,UDR,UDR,Bloch,Matthieu,714,404,243,67,0,0.0938375350140056,0.0,0.9061624649859944
PA840903,SOC,SOC,Christophle,Paul,1563,891,588,84,0,0.053742802303262956,0.0,0.946257197696737
PA840915,RN,RN,Monnier,Thibaut,2513,1487,838,188,0,0.07481098288897732,0.0,0.9251890171110226
PA840939,SOC,SOC,Godard,Océane,2015,845,1070,100,0,0.04962779156327544,0.0,0.9503722084367245
PA840947,ECOS,EcoS,Hervieu,Catherine,2642,1343,1127,172,0,0.06510219530658592,0.0,0.9348978046934141
PA840955,SOC,SOC,Pribetich,Pierre,3911,1833,1825,253,0,0.06468933776527742,0.0,0.9353106622347226
PA840967,RN,RN,Lioret,René,2128,1080,909,139,0,0.06531954887218046,0.0,0.9346804511278195
PA840979,DR,DR,Le Fur,Corentin,2281,910,1275,96,0,0.04208680403331872,0.0,0.9579131959666812
PA840983,UDDPLR,UDR,Lenoir,Bartolomé,1229,540,556,133,0,0.10821806346623271,0.0,0.8917819365337672
PA840983,UDR,UDR,Lenoir,Bartolomé,643,359,238,46,0,0.07153965785381027,0.0,0.9284603421461898
PA840997,ECOS,EcoS,Biteau,Benoît,1925,956,879,90,0,0.046753246753246755,0.0,0.9532467532467532
PA841017,LIOT,LIOT,Huwart,Harold,663,315,325,23,0,0.03469079939668175,0.0,0.9653092006033183
PA841023,LFI-NFP,LFI-NFP,Cadalen,Pierre-Yves,2361,1158,1098,105,0,0.044472681067344345,0.0,0.9555273189326556
PA841047,DR,DR,Ceccoli,François-Xavier,1131,498,570,63,0,0.05570291777188329,0.0,0.9442970822281167
PA841059,RN,RN,Dellong Meng,Catherine,854,426,373,55,0,0.06440281030444965,0.0,0.9355971896955504
PA841067,UDDPLR,UDR,Allegret-Pilot,Alexandre,1840,791,835,214,0,0.11630434782608695,0.0,0.883695652173913
PA841067,UDR,UDR,Allegret-Pilot,Alexandre,1422,796,500,126,0,0.08860759493670886,0.0,0.9113924050632911
PA841075,RN,RN,Josserand,Sylvie,2946,1447,1274,225,0,0.07637474541751528,0.0,0.9236252545824847
PA841091,SOC,SOC,Simion,Arnaud,2490,1047,1263,180,0,0.07228915662650602,0.0,0.927710843373494
PA841107,SOC,SOC,Oberti,Jacques,5420,2472,2412,536,0,0.0988929889298893,0.0,0.9011070110701107
PA841131,RN,RN,Bouquin,Manon,3843,2012,1576,255,0,0.0663544106167057,0.0,0.9336455893832943
PA841139,RN,RN,Gabarron,Julien,2054,1065,854,135,0,0.06572541382667965,0.0,0.9342745861733204
PA841151,DR,DR,Fruchon,Alix,688,298,314,76,0,0.11046511627906977,0.0,0.8895348837209303
PA841183,UDDPLR,UDR,Mansouri,Hanane,1004,639,279,86,0,0.08565737051792828,0.0,0.9143426294820717
PA841183,UDR,UDR,Mansouri,Hanane,406,242,133,31,0,0.07635467980295567,0.0,0.9236453201970444
PA841191,LFI-NFP,LFI-NFP,Nosbé,Sandrine,3557,1806,1595,156,0,0.04385718301939837,0.0,0.9561428169806017
PA841199,RN,RN,Perez,Thierry,2447,1119,1110,218,0,0.08908868001634655,0.0,0.9109113199836535
PA841207,UDDPLR,UDR,Alloncle,Charles,393,161,196,36,0,0.0916030534351145,0.0,0.9083969465648855
PA841207,UDR,UDR,Alloncle,Charles,560,264,260,36,0,0.06428571428571428,0.0,0.9357142857142857
PA841215,LFI-NFP,LFI-NFP,Mesmeur,Marie,2740,1342,1245,153,0,0.05583941605839416,0.0,0.9441605839416058
PA841223,ECOS,EcoS,Lahais,Tristan,2500,1242,1107,151,0,0.0604,0.0,0.9396
PA841243,SOC,SOC,Saint-Pasteur,Sébastien,2386,1080,1148,158,0,0.06621961441743504,0.0,0.9337803855825649
PA841251,LFI-NFP,LFI-NFP,Feld,Mathilde,3250,1655,1441,154,0,0.047384615384615386,0.0,0.9526153846153846
PA841295,SOC,SOC,Courbon,Pierrick,2330,1069,1117,144,0,0.061802575107296136,0.0,0.9381974248927039
PA841315,SOC,SOC,Benbrahim,Karim,2641,1339,1094,208,0,0.07875804619462325,0.0,0.9212419538053768
PA841327,SOC,SOC,Roussel,Fabrice,3109,1427,1438,244,0,0.0784818269540045,0.0,0.9215181730459955
PA841339,HOR,HOR,Brard,Jean-Michel,1555,584,920,51,0,0.03279742765273312,0.0,0.9672025723472669
PA841351,ECOS,EcoS,Duplessy,Emmanuel,1742,916,743,83,0,0.04764638346727899,0.0,0.952353616532721
PA841359,LIOT,LIOT,de Pélichy,Constance,1762,653,953,156,0,0.08853575482406356,0.0,0.9114642451759364
PA841367,SOC,SOC,Proença,Christophe,2402,1102,1046,254,0,0.10574521232306411,0.0,0.8942547876769359
PA841377,DR,DR,Rey-Rinchet,Emeline,158,102,52,4,0,0.02531645569620253,0.0,0.9746835443037974
PA841381,SOC,SOC,Pantel,Sophie,3538,1625,1524,389,0,0.10994912379875636,0.0,0.8900508762012437
PA841395,UDDPLR,UDR,Michelet,Maxime,1764,734,856,174,0,0.09863945578231292,0.0,0.9013605442176871
PA841395,UDR,UDR,Michelet,Maxime,1021,529,414,78,0,0.07639569049951028,0.0,0.9236043095004897
PA841419,ECOS,EcoS,Girard,Damien,1354,681,612,61,0,0.045051698670605614,0.0,0.9549483013293943
PA841431,HOR,HOR,Colin-Oesterlé,Nathalie,1850,669,1035,146,0,0.07891891891891892,0.0,0.9210810810810811
PA841439,RN,RN,Jenft,Pascal,3176,1695,1231,250,0,0.0787153652392947,0.0,0.9212846347607053
PA841451,RN,RN,Guibert,Julien,3721,1947,1503,271,0,0.07282988443966676,0.0,0.9271701155603332
PA841463,SOC,SOC,Mercier,Estelle,2764,1355,1237,172,0,0.06222865412445731,0.0,0.9377713458755427
PA841471,SOC,SOC,Hablot,Stéphane,1109,578,474,57,0,0.05139765554553652,0.0,0.9486023444544635
PA841479,RN,RN,Weber,Frédéric,3289,1739,1267,283,0,0.08604439039221648,0.0,0.9139556096077835
PA841487,RN,RN,Boulogne,Anthony,3061,1529,1263,269,0,0.08787977785037569,0.0,0.9121202221496243
PA841495,RN,RN,Amblard,Maxime,2669,1288,1179,202,0,0.07568377669539153,0.0,0.9243162233046085
PA841507,ECOS,EcoS,Bonnet,Nicolas,2949,1542,1194,213,0,0.07222787385554426,0.0,0.9277721261444557
PA841515,LFI-NFP,LFI-NFP,Le Coq,Aurélien,2218,1139,983,96,0,0.04328223624887286,0.0,0.9567177637511272
PA841531,LFI-NFP,LFI-NFP,Bentorki,Shéhérazade,581,364,204,13,0,0.022375215146299483,0.0,0.9776247848537005
PA841543,LIOT,LIOT,Bodart,Jean,126,70,52,4,0,0.031746031746031744,0.0,0.9682539682539683
PA841553,RN,RN,Tesson,Thierry,2616,1279,1169,168,0,0.06422018348623854,0.0,0.9357798165137615
PA841563,RN,RN,Marais-Beuil,Claire,6327,3436,2442,449,0,0.07096570254464991,0.0,0.92903429745535
PA841575,RN,RN,Vos,Frédéric-Pierre,1551,825,627,99,0,0.06382978723404255,0.0,0.9361702127659575
PA841587,RN,RN,Magnier,David,5066,2633,2066,367,0,0.07244374259771022,0.0,0.9275562574022898
PA841595,DR,DR,Chazé,Cendrine,414,193,208,13,0,0.03140096618357488,0.0,0.9685990338164251
PA841605,RN,RN,Golliot,Antoine,2476,1226,1081,169,0,0.06825525040387723,0.0,0.9317447495961227
PA841613,RN,RN,de Fleurian,Marc,4295,2201,1787,307,0,0.07147846332945285,0.0,0.9285215366705472
PA841621,RN,RN,Evrard,Auguste,1606,845,647,114,0,0.07098381070983811,0.0,0.9290161892901619
PA841633,SOC,SOC,Dufau,Peio,2665,1360,1137,168,0,0.06303939962476549,0.0,0.9369606003752345
PA841645,RN,RN,Bernhardt,Théo,3634,1866,1397,371,0,0.10209135938359934,0.0,0.8979086406164006
PA841657,LFI-NFP,LFI-NFP,Belouassa-Cherifi,Anaïs,1760,798,878,84,0,0.04772727272727273,0.0,0.9522727272727273
PA841665,SOC,SOC,Fégné,Denis,3424,1598,1567,259,0,0.07564252336448599,0.0,0.924357476635514
PA841681,SOC,SOC,Sother,Thierry,1867,837,910,120,0,0.06427423674343867,0.0,0.9357257632565613
PA841701,ECOS,EcoS,Balage El Mariky,Léa,2412,1315,1007,90,0,0.03731343283582089,0.0,0.9626865671641791
PA841713,ECOS,EcoS,Tavernier,Boris,2141,1178,863,100,0,0.046707146193367584,0.0,0.9532928538066324
PA841717,SOC,SOC,Runel,Sandrine,2637,1157,1352,128,0,0.04854000758437618,0.0,0.9514599924156238
PA841729,LFI-NFP,LFI-NFP,Lahmar,Abdelkader,1496,695,683,118,0,0.07887700534759358,0.0,0.9211229946524064
PA841737,RN,RN,Gery,Jonathan,3275,1701,1289,285,0,0.08702290076335878,0.0,0.9129770992366413
PA841749,RN,RN,Joncour,Tiffany,4334,2310,1754,270,0,0.06229810798338717,0.0,0.9377018920166128
PA841761,RN,RN,Dutremble,Aurélien,2082,947,982,153,0,0.07348703170028818,0.0,0.9265129682997119
PA841769,UDDPLR,UDR,Michoux,Éric,1293,560,565,168,0,0.12993039443155452,0.0,0.8700696055684455
PA841769,UDR,UDR,Michoux,Éric,1223,685,473,65,0,0.053147996729354045,0.0,0.946852003270646
PA841801,EPR,EPR,Carteron,Danièle,719,204,502,13,0,0.01808066759388039,0.0,0.9819193324061196
PA841813,SOC,SOC,Herouin-Léautey,Florence,2137,1008,983,146,0,0.06832007487131493,0.0,0.931679925128685
PA841825,RN,RN,Martin,Patrice,4131,2103,1725,303,0,0.07334785766158315,0.0,0.9266521423384169
PA841837,RN,RN,Le Bourgeois,Robert,3397,1720,1432,245,0,0.07212246099499559,0.0,0.9278775390050045
PA841845,LFI-NFP,LFI-NFP,Saint-Martin,Arnaud,3160,1432,1555,173,0,0.054746835443037975,0.0,0.9452531645569621
PA841853,SOC,SOC,Hervieu,Céline,1565,724,743,98,0,0.06261980830670927,0.0,0.9373801916932908
PA841873,RN,RN,Limongi,Julien,3605,1901,1402,302,0,0.08377253814147018,0.0,0.9162274618585298
PA841885,ECOS,EcoS,Bonnet,Arnaud,2521,1244,1163,114,0,0.04522015073383578,0.0,0.9547798492661642
PA841893,SOC,SOC,Thiébault-Martinez,Céline,2657,1378,1130,149,0,0.05607828377869778,0.0,0.9439217162213023
PA841919,SOC,SOC,Diop,Dieynaba,2139,983,1056,100,0,0.04675081813931744,0.0,0.9532491818606825
PA841927,EPR,EPR,Ronceret,Anne-Sophie,2324,737,1567,20,0,0.008605851979345954,0.0,0.9913941480206541
PA841931,LIOT,LIOT,Mazaury,Laurent,1343,585,727,31,0,0.02308265078183172,0.0,0.9769173492181683
PA841947,LFI-NFP,LFI-NFP,Hamdane,Zahia,2945,1465,1322,158,0,0.05365025466893039,0.0,0.9463497453310696
PA841955,RN,RN,Renault,Matthias,3779,1912,1579,288,0,0.07621063773485048,0.0,0.9237893622651495
PA841973,UDDPLR,UDR,Carbonnel,Pierre-Henri,1840,856,814,170,0,0.09239130434782608,0.0,0.907608695652174
PA841981,RN,RN,Rimbert,Catherine,4037,2069,1646,322,0,0.07976219965320783,0.0,0.9202378003467921
PA841993,HOR,HOR,Paillat,Dominique,18,11,7,0,0,0.0,0.0,1.0
PA842001,RN,RN,Bigot,Guillaume,1300,617,599,84,0,0.06461538461538462,0.0,0.9353846153846154
PA842013,ECOS,EcoS,Gustave,Steevy,4408,2234,2004,170,0,0.03856624319419238,0.0,0.9614337568058077
PA842029,LFI-NFP,LFI-NFP,Lejeune,Claire,3867,1898,1727,242,0,0.0625808119989656,0.0,0.9374191880010344
PA842037,LFI-NFP,LFI-NFP,Cernon,Bérenger,3480,1749,1484,247,0,0.07097701149425287,0.0,0.9290229885057472
PA842045,ECOS,EcoS,Ozenne,Julie,3355,1839,1323,193,0,0.05752608047690015,0.0,0.9424739195230999
PA842073,RN,RN,Dussausaye,Gaëtan,3577,1612,1531,434,0,0.12133072407045009,0.0,0.8786692759295499
PA842085,RN,RN,Humbert,Sébastien,4866,2465,1996,405,0,0.08323057953144267,0.0,0.9167694204685574
PA842097,RN,RN,Roy,Sophie-Laurence,2224,1193,889,142,0,0.06384892086330936,0.0,0.9361510791366906
PA842105,LFI-NFP,LFI-NFP,Arnault,Raphaël,2391,1095,1214,82,0,0.034295273943956504,0.0,0.9657047260560435
PA842121,DR,DR,Tryzna,Nicolas,906,382,513,11,0,0.012141280353200883,0.0,0.9878587196467992
PA842125,HOR,HOR,Lam,Thomas,3688,1187,2060,441,0,0.11957700650759219,0.0,0.8804229934924078
PA842141,DR,DR,de Maistre,Élisabeth,2088,959,1077,52,0,0.02490421455938697,0.0,0.975095785440613
PA842147,EPR,EPR,Mongardien,Christophe,2906,826,2051,29,0,0.009979353062629044,0.0,0.9900206469373709
PA842155,LFI-NFP,LFI-NFP,Diouara,Aly,1328,647,620,61,0,0.04593373493975904,0.0,0.954066265060241
PA842183,HOR,HOR,Blanchard,Benoît,2498,847,1565,86,0,0.0344275420336269,0.0,0.9655724579663731
PA842187,LFI-NFP,LFI-NFP,Cathala,Gabrielle,3447,1761,1544,142,0,0.041195242239628664,0.0,0.9588047577603713
PA842195,SOC,SOC,Eskenazi,Romain,2154,1009,985,160,0,0.07428040854224698,0.0,0.9257195914577531
PA842211,SOC,SOC,Bellay,Béatrice,1030,567,413,50,0,0.04854368932038835,0.0,0.9514563106796117
PA842227,RN,RN,Rivière,Joseph,1983,1044,757,182,0,0.09178013111447302,0.0,0.908219868885527
PA842255,RN,RN,Sicard,Anne,3490,1929,1328,233,0,0.0667621776504298,0.0,0.9332378223495702
PA842263,SOC,SOC,Hadizadeh,Ayda,2375,1055,1229,91,0,0.03831578947368421,0.0,0.9616842105263158
PA842271,GDR,GDR,Maurel,Emmanuel,1343,752,454,137,0,0.10201042442293373,0.0,0.8979895755770663
PA842279,RN,RN,Bamana,Anchya,1823,1005,692,126,0,0.06911684037301152,0.0,0.9308831596269885
PA842299,GDR,GDR,Tjibaou,Emmanuel,436,195,215,26,0,0.05963302752293578,0.0,0.9403669724770642
PA842311,EPR,EPR,Caure,Vincent,2325,665,1639,21,0,0.00903225806451613,0.0,0.9909677419354839
PA857021,EPR,EPR,Latrèche,Alim,336,90,231,15,0,0.044642857142857144,0.0,0.9553571428571429
PA870009,DR,DR,Duparay,Lionel,1912,896,888,128,0,0.06694560669456066,0.0,0.9330543933054394
PA878242,UDDPLR,UDR,Valentin,Antoine,343,196,122,25,0,0.0728862973760933,0.0,0.9271137026239067
PA879389,EPR,EPR,Lubet,Marie-Philippe,880,206,673,1,0,0.0011363636363636363,0.0,0.9988636363636364
PA942,LIOT,LIOT,de Courson,Charles,1361,433,898,30,0,0.02204261572373255,0.0,0.9779573842762674
